"[0, 0, 0, 0, 0]","[[8.92469508, 8.15191998, 7.39759601]]","[[0.00000000e+00, 2.05507708e+01, 0.00000000e+00, 4.49835892e-02]
, [5.28797352e+00, 2.38878897e+00, 1.00487819e-03, 1.68742821e-04]
, [2.09270283e+00, 5.10758451e-01, 9.67897444e-05, 3.66302384e-06]]"
"[0, 0, 0, 0, 1]","[[8.93051277, 8.23683772, 7.48097084]]","[[0.00000000e+00, 1.75446725e+01, 0.00000000e+00, 3.19665032e-02]
, [5.13800734e+00, 2.76399332e+00, 8.00839634e-04, 1.91728054e-04]
, [2.16709539e+00, 5.85974223e-01, 8.07492770e-05, 4.86166802e-06]]"
"[0, 0, 0, 1, 0]","[[8.92593121, 8.2236519, 7.29996784]]","[[0.00000000e+00, 1.89935954e+01, 0.00000000e+00, 3.70262370e-02]
, [5.21941890e+00, 2.36185444e+00, 7.82397670e-04, 1.40657695e-04]
, [1.87923655e+00, 5.32754251e-01, 8.28702536e-05, 4.82225279e-06]]"
"[0, 0, 0, 1, 1]","[[8.92339722, 8.24459549, 7.33887195]]","[[0.00000000e+00, 1.31511969e+01, 0.00000000e+00, 1.67976587e-02]
, [5.62464197e+00, 2.84443835e+00, 1.02380100e-03, 2.42752808e-04]
, [1.86155106e+00, 5.54692570e-01, 6.87848116e-05, 3.98561332e-06]]"
"[0, 0, 1, 0, 0]","[[8.92212059, 8.29964284, 7.32530156]]","[[0.00000000e+00, 2.78276194e+01, 0.00000000e+00, 8.66888275e-02]
, [5.33705021e+00, 2.97676015e+00, 8.19964418e-04, 1.93750645e-04]
, [2.06038000e+00, 5.26771800e-01, 8.67579457e-05, 4.60532980e-06]]"
"[0, 0, 1, 0, 1]","[[8.91985506, 8.12046131, 7.3340197, ]]","[[0.00000000e+00, 1.82242474e+01, 0.00000000e+00, 3.47741054e-02]
, [5.16339229e+00, 1.59485782e+00, 9.22784344e-04, 7.15037918e-05]
, [2.12456320e+00, 5.21628983e-01, 7.91927028e-05, 3.99455255e-06]]"
"[0, 0, 1, 1, 0]","[[8.92135772, 8.22294646, 7.32522196]]","[[0.00000000e+00, 1.61931991e+01, 0.00000000e+00, 2.64453353e-02]
, [5.18915006e+00, 1.74394268e+00, 7.97030516e-04, 7.01582164e-05]
, [2.10511622e+00, 4.49688484e-01, 1.12157061e-04, 3.67584440e-06]]"
"[0, 0, 1, 1, 1]","[[8.92881801, 8.25964624, 7.40367081]]","[[0.00000000e+00, 1.39644999e+01, 0.00000000e+00, 1.97479275e-02]
, [5.25776177e+00, 1.82074174e+00, 8.00862751e-04, 7.99339516e-05]
, [2.18675940e+00, 3.98956534e-01, 1.03522112e-04, 2.17862569e-06]]"
"[0, 0, 2, 0, 0]","[[8.92389969, 8.26243698, 7.43354591]]","[[0.00000000e+00, 1.49286865e+01, 0.00000000e+00, 2.25643245e-02]
, [4.98532311e+00, 1.90309755e+00, 6.41880397e-04, 7.23763731e-05]
, [1.98074103e+00, 5.72373873e-01, 5.62784248e-05, 3.78837609e-06]]"
"[0, 0, 2, 0, 1]","[[8.9211525, 8.21699655, 7.42116453]]","[[0.00000000e+00, 2.39196381e+01, 0.00000000e+00, 6.28742057e-02]
, [5.03178206e+00, 1.83107907e+00, 7.20831213e-04, 7.64417251e-05]
, [1.91193286e+00, 4.49880343e-01, 5.78211179e-05, 2.55573007e-06]]"
"[0, 0, 2, 1, 0]","[[8.92083173, 8.25732183, 7.36778787]]","[[0.00000000e+00, 1.65364566e+01, 0.00000000e+00, 2.83791367e-02]
, [5.52106011e+00, 1.94219418e+00, 8.60644801e-04, 8.95911459e-05]
, [2.02180863e+00, 4.53339600e-01, 7.88906538e-05, 2.76680371e-06]]"
"[0, 0, 2, 1, 1]","[[8.92600685, 8.29112323, 7.51689306]]","[[0.00000000e+00, 1.66614541e+01, 0.00000000e+00, 2.88572723e-02]
, [5.59055947e+00, 1.77898523e+00, 8.97213910e-04, 6.91197022e-05]
, [2.26068249e+00, 5.13139530e-01, 7.89721344e-05, 3.41979671e-06]]"
"[0, 1, 0, 0, 0]","[[8.92412342, 8.21976103, 7.35926571]]","[[0.00000000e+00, 2.07581893e+01, 0.00000000e+00, 4.59687793e-02]
, [5.40200943e+00, 2.60331569e+00, 8.50419859e-04, 1.68210646e-04]
, [2.09094847e+00, 5.63723267e-01, 1.01596311e-04, 4.54231137e-06]]"
"[0, 1, 0, 0, 1]","[[8.92270467, 8.24236815, 7.37168306]]","[[0.00000000e+00, 1.80633561e+01, 0.00000000e+00, 3.40935776e-02]
, [5.09563083e+00, 2.63496988e+00, 6.40812232e-04, 1.65242686e-04]
, [2.09316469e+00, 4.87467294e-01, 9.88279454e-05, 3.35455633e-06]]"
"[0, 1, 0, 1, 0]","[[8.92252736, 8.13590174, 7.34140554]]","[[0.00000000e+00, 2.28152399e+01, 0.00000000e+00, 5.55865138e-02]
, [5.25382172e+00, 3.08964206e+00, 9.61464145e-04, 3.15148969e-04]
, [2.02181025e+00, 7.69945811e-01, 7.76512664e-05, 9.46017370e-06]]"
"[0, 1, 0, 1, 1]","[[8.92774993, 8.217407, 7.16496537]]","[[0.00000000e+00, 2.87188593e+01, 0.00000000e+00, 9.35399563e-02]
, [5.58707239e+00, 2.75550908e+00, 1.09566487e-03, 2.09747729e-04]
, [1.86808518e+00, 5.33097731e-01, 8.87529574e-05, 4.98711719e-06]]"
"[0, 1, 1, 0, 0]","[[8.92512115, 8.22909238, 7.44487098]]","[[0.00000000e+00, 1.76601667e+01, 0.00000000e+00, 3.18298065e-02]
, [5.19566038e+00, 1.58875704e+00, 7.54402763e-04, 5.62657916e-05]
, [2.18534248e+00, 3.87301761e-01, 8.79955938e-05, 1.83212079e-06]]"
"[0, 1, 1, 0, 1]","[[8.92771972, 8.20703092, 7.27137804]]","[[0.00000000e+00, 1.52986803e+01, 0.00000000e+00, 2.40297601e-02]
, [5.15378676e+00, 2.32009747e+00, 7.90065786e-04, 1.25439571e-04]
, [1.90992394e+00, 4.38400689e-01, 8.34093710e-05, 3.63832885e-06]]"
"[0, 1, 1, 1, 0]","[[8.92512786, 8.20923408, 7.48405569]]","[[0.00000000e+00, 1.74150886e+01, 0.00000000e+00, 3.22797260e-02]
, [5.55692880e+00, 1.93450097e+00, 8.60847460e-04, 9.23326240e-05]
, [2.49137768e+00, 4.07934243e-01, 1.20703204e-04, 2.38732197e-06]]"
"[0, 1, 1, 1, 1]","[[8.92808039, 8.20977799, 7.41018807]]","[[0.00000000e+00, 1.80953353e+01, 0.00000000e+00, 3.34105355e-02]
, [5.19523811e+00, 2.49230024e+00, 8.43382489e-04, 1.68029303e-04]
, [2.11968841e+00, 4.54180351e-01, 6.71247793e-05, 2.59967324e-06]]"
"[0, 1, 2, 0, 0]","[[8.91755143, 8.14947094, 7.42750494]]","[[0.00000000e+00, 2.22115117e+01, 0.00000000e+00, 5.27264807e-02]
, [5.36589448e+00, 2.53427324e+00, 1.05019274e-03, 2.07354442e-04]
, [2.17756527e+00, 8.77565486e-01, 6.72715920e-05, 9.43857623e-06]]"
"[0, 1, 2, 0, 1]","[[8.92517058, 8.22244837, 7.2778349, ]]","[[0.00000000e+00, 1.54162501e+01, 0.00000000e+00, 2.43569957e-02]
, [5.01767486e+00, 1.95166149e+00, 7.93479933e-04, 9.33841783e-05]
, [2.04729311e+00, 7.00232771e-01, 8.48583808e-05, 9.21822981e-06]]"
"[0, 1, 2, 1, 0]","[[8.92039327, 8.200963, 7.27713324]]","[[0.00000000e+00, 1.73149113e+01, 0.00000000e+00, 3.06806124e-02]
, [5.18860409e+00, 1.63194403e+00, 7.65122772e-04, 6.12221705e-05]
, [2.01454066e+00, 5.11005923e-01, 8.52273935e-05, 4.29291604e-06]]"
"[0, 1, 2, 1, 1]","[[8.92448437, 8.07753258, 7.07475886]]","[[0.00000000e+00, 1.62658265e+01, 0.00000000e+00, 2.69049560e-02]
, [5.07323644e+00, 1.68935740e+00, 9.54025285e-04, 8.07974106e-05]
, [2.02322964e+00, 5.71931194e-01, 1.46522021e-04, 7.63807674e-06]]"
"[0, 2, 0, 0, 0]","[[8.92810941, 8.08514798, 7.08637211]]","[[0.00000000e+00, 1.38643434e+01, 0.00000000e+00, 1.88238444e-02]
, [4.90577536e+00, 2.30324318e+00, 8.53328810e-04, 1.50471624e-04]
, [1.75627316e+00, 4.56100702e-01, 8.42928954e-05, 3.44439802e-06]]"
"[0, 2, 0, 0, 1]","[[8.92280418, 8.16119162, 7.40965507]]","[[0.00000000e+00, 2.09516919e+01, 0.00000000e+00, 4.64915244e-02]
, [5.17454469e+00, 2.28412865e+00, 8.97775825e-04, 1.52143909e-04]
, [2.12287922e+00, 4.82549119e-01, 8.78584709e-05, 3.19831026e-06]]"
"[0, 2, 0, 1, 0]","[[8.92750069, 8.15545192, 7.40594324]]","[[0.00000000e+00, 1.61073063e+01, 0.00000000e+00, 2.65197025e-02]
, [5.31998561e+00, 2.08064167e+00, 9.72049439e-04, 1.28426889e-04]
, [2.30881409e+00, 7.61684349e-01, 1.29777367e-04, 1.10228092e-05]]"
"[0, 2, 0, 1, 1]","[[8.92546485, 8.30811881, 7.4530617, ]]","[[0.00000000e+00, 1.59881012e+01, 0.00000000e+00, 2.67442176e-02]
, [5.52912079e+00, 1.91020858e+00, 7.52280135e-04, 8.09536484e-05]
, [2.12805821e+00, 4.71561466e-01, 6.99053656e-05, 2.79854371e-06]]"
"[0, 2, 1, 0, 0]","[[8.92373672, 8.19147964, 7.2045082, ]]","[[0.00000000e+00, 1.80741389e+01, 0.00000000e+00, 3.30695837e-02]
, [4.90595575e+00, 3.17468679e+00, 6.80202693e-04, 2.63803914e-04]
, [1.68105005e+00, 4.06408894e-01, 4.49707832e-05, 2.43331795e-06]]"
"[0, 2, 1, 0, 1]","[[8.92417497, 8.21278031, 7.19713955]]","[[0.00000000e+00, 1.59283769e+01, 0.00000000e+00, 2.54600748e-02]
, [5.36461373e+00, 1.96705084e+00, 9.15354342e-04, 9.31794640e-05]
, [1.86248833e+00, 3.26110732e-01, 1.04156509e-04, 1.59045433e-06]]"
"[0, 2, 1, 1, 0]","[[8.92420126, 8.18595562, 7.3765013, ]]","[[0.00000000e+00, 1.82500525e+01, 0.00000000e+00, 3.45474131e-02]
, [5.48331813e+00, 1.90613262e+00, 1.09471285e-03, 9.04686280e-05]
, [2.36588752e+00, 4.34595897e-01, 1.63208341e-04, 3.10881483e-06]]"
"[0, 2, 1, 1, 1]","[[8.92453687, 8.18472116, 7.1900305, ]]","[[0.00000000e+00, 2.66574012e+01, 0.00000000e+00, 7.95436053e-02]
, [4.97630433e+00, 2.05485172e+00, 7.32145994e-04, 1.09998322e-04]
, [1.96430278e+00, 5.54901003e-01, 9.14747342e-05, 6.29462098e-06]]"
"[0, 2, 2, 0, 0]","[[8.92496922, 8.33092401, 7.44752494]]","[[0.00000000e+00, 1.65989968e+01, 0.00000000e+00, 2.90866704e-02]
, [5.50200450e+00, 1.59871851e+00, 7.62912329e-04, 5.18007163e-05]
, [2.42846364e+00, 4.84678705e-01, 1.18421144e-04, 3.19594541e-06]]"
"[0, 2, 2, 0, 1]","[[8.92815796, 8.26322481, 7.32146053]]","[[0.00000000e+00, 2.12712113e+01, 0.00000000e+00, 4.82463089e-02]
, [5.49164113e+00, 2.43755285e+00, 8.39453139e-04, 1.45949628e-04]
, [2.09038143e+00, 4.56609677e-01, 1.01507250e-04, 3.07771285e-06]]"
"[0, 2, 2, 1, 0]","[[8.91912441, 8.14188343, 7.45298807]]","[[0.00000000e+00, 1.73089814e+01, 0.00000000e+00, 3.13252653e-02]
, [5.09362296e+00, 2.07227073e+00, 9.39901044e-04, 1.21228342e-04]
, [2.33531827e+00, 4.89928581e-01, 1.23741328e-04, 3.35508207e-06]]"
"[0, 2, 2, 1, 1]","[[8.92982741, 8.33329358, 7.37325821]]","[[0.00000000e+00, 1.67287346e+01, 0.00000000e+00, 2.93775366e-02]
, [5.74787031e+00, 2.05544557e+00, 8.34328422e-04, 8.93580867e-05]
, [2.19182135e+00, 4.24731930e-01, 1.06242626e-04, 2.98278023e-06]]"
"[1, 0, 0, 0, 0]","[[8.92040705, 8.00873283, 6.93688801]]","[[0.00000000e+00, 1.77893229e+01, 0.00000000e+00, 3.10887969e-02]
, [4.29008431e+00, 2.04534451e+00, 5.89516845e-04, 1.10406277e-04]
, [1.65061049e+00, 5.40576210e-01, 8.60542445e-05, 4.71305447e-06]]"
"[1, 0, 0, 0, 1]","[[8.92011671, 8.12839404, 7.28257241]]","[[0.00000000e+00, 1.95654774e+01, 0.00000000e+00, 3.93251897e-02]
, [5.07521515e+00, 3.47829393e+00, 9.30978676e-04, 3.68127340e-04]
, [1.85856390e+00, 5.57044786e-01, 6.49797171e-05, 4.38961908e-06]]"
"[1, 0, 0, 1, 0]","[[8.9176064, 8.17811688, 7.3126688, ]]","[[0.00000000e+00, 2.06259822e+01, 0.00000000e+00, 4.41461520e-02]
, [5.07286016e+00, 2.69202973e+00, 7.70912792e-04, 1.98854692e-04]
, [1.95767054e+00, 6.80479230e-01, 8.04626485e-05, 7.33587829e-06]]"
"[1, 0, 0, 1, 1]","[[8.92420252, 8.0457919, 7.31456825]]","[[0.00000000e+00, 1.54283243e+01, 0.00000000e+00, 2.36847545e-02]
, [5.13096488e+00, 1.88293977e+00, 1.13316205e-03, 1.14407808e-04]
, [2.07663744e+00, 6.73914536e-01, 8.95527685e-05, 6.52043638e-06]]"
"[1, 0, 1, 0, 0]","[[8.92419589, 8.09921602, 7.20089306]]","[[0.00000000e+00, 1.38612381e+01, 0.00000000e+00, 1.86874852e-02]
, [4.55074287e+00, 1.92240236e+00, 6.33663019e-04, 9.45972164e-05]
, [1.86494432e+00, 4.90525334e-01, 8.19745028e-05, 3.78463494e-06]]"
"[1, 0, 1, 0, 1]","[[8.92731593, 8.19295176, 7.31884052]]","[[0.00000000e+00, 1.29764048e+01, 0.00000000e+00, 1.65046779e-02]
, [5.44379478e+00, 2.44025873e+00, 9.43307132e-04, 1.63427445e-04]
, [2.38585750e+00, 6.55969225e-01, 1.60591374e-04, 8.64835140e-06]]"
"[1, 0, 1, 1, 0]","[[8.92232225, 8.21840756, 7.32884581]]","[[0.00000000e+00, 1.92145276e+01, 0.00000000e+00, 3.83492659e-02]
, [5.24224484e+00, 2.33257493e+00, 8.52894408e-04, 1.31294178e-04]
, [1.97301579e+00, 3.69464873e-01, 7.73513727e-05, 1.69065602e-06]]"
"[1, 0, 1, 1, 1]","[[8.91777751, 8.20159899, 7.18283112]]","[[0.00000000e+00, 2.35962839e+01, 0.00000000e+00, 6.01249898e-02]
, [5.10031341e+00, 2.88679041e+00, 8.05265978e-04, 2.27764970e-04]
, [1.94311171e+00, 5.71278379e-01, 1.10108798e-04, 5.74283251e-06]]"
"[1, 0, 2, 0, 0]","[[8.92237496, 8.20926978, 7.31972282]]","[[0.00000000e+00, 1.77799173e+01, 0.00000000e+00, 3.21247126e-02]
, [5.09297399e+00, 2.08812402e+00, 7.83964012e-04, 1.14277699e-04]
, [2.04553998e+00, 4.85114214e-01, 8.56798037e-05, 3.27244229e-06]]"
"[1, 0, 2, 0, 1]","[[8.92429676, 8.1832596, 7.08219039]]","[[0.00000000e+00, 1.65841336e+01, 0.00000000e+00, 2.80382610e-02]
, [5.15239531e+00, 2.43852970e+00, 8.55614709e-04, 1.63809046e-04]
, [1.87137677e+00, 6.06523843e-01, 1.18641117e-04, 8.63158912e-06]]"
"[1, 0, 2, 1, 0]","[[8.92353217, 8.16795851, 7.385628, ]]","[[0.00000000e+00, 1.68033174e+01, 0.00000000e+00, 2.90212753e-02]
, [4.91356821e+00, 2.11476214e+00, 7.08392975e-04, 1.12383302e-04]
, [1.96719546e+00, 5.78228375e-01, 6.72824133e-05, 4.44654300e-06]]"
"[1, 0, 2, 1, 1]","[[8.92306988, 8.16305954, 7.28374362]]","[[0.00000000e+00, 1.55000571e+01, 0.00000000e+00, 2.43849542e-02]
, [5.14934551e+00, 1.82131756e+00, 8.37464786e-04, 8.77716642e-05]
, [2.27060727e+00, 3.91044694e-01, 1.49362558e-04, 2.69144755e-06]]"
"[1, 1, 0, 0, 0]","[[8.92285399, 8.01033126, 7.168241, ]]","[[0.00000000e+00, 1.57819146e+01, 0.00000000e+00, 2.38856564e-02]
, [4.87440553e+00, 1.83306566e+00, 1.08513759e-03, 1.07584301e-04]
, [1.96578490e+00, 4.43612740e-01, 1.08423194e-04, 3.23640967e-06]]"
"[1, 1, 0, 0, 1]","[[8.92159117, 8.12686916, 7.18353588]]","[[0.00000000e+00, 1.91482026e+01, 0.00000000e+00, 3.75978536e-02]
, [5.24508629e+00, 2.35200216e+00, 9.91614681e-04, 1.67913837e-04]
, [2.00780707e+00, 4.78159239e-01, 8.76591729e-05, 3.24381381e-06]]"
"[1, 1, 0, 1, 0]","[[8.91881174, 8.22132675, 7.14591211]]","[[0.00000000e+00, 1.71674155e+01, 0.00000000e+00, 2.96466424e-02]
, [4.84028197e+00, 2.31673226e+00, 7.42747709e-04, 1.31377074e-04]
, [1.82748895e+00, 4.30635079e-01, 7.68903184e-05, 2.85168790e-06]]"
"[1, 1, 0, 1, 1]","[[8.92664344, 8.18326698, 7.37133585]]","[[0.00000000e+00, 2.41031456e+01, 0.00000000e+00, 6.48039032e-02]
, [5.61020731e+00, 3.07431766e+00, 1.03751771e-03, 2.86196657e-04]
, [2.36798272e+00, 5.16357410e-01, 1.24558980e-04, 4.79976822e-06]]"
"[1, 1, 1, 0, 0]","[[8.92313427, 8.22414182, 7.24490032]]","[[0.00000000e+00, 2.01159385e+01, 0.00000000e+00, 4.31092295e-02]
, [5.30483277e+00, 2.10918317e+00, 8.43100385e-04, 1.16859539e-04]
, [2.10366366e+00, 3.88773169e-01, 1.13307266e-04, 2.26047209e-06]]"
"[1, 1, 1, 0, 1]","[[8.92368723, 8.22445055, 7.34139323]]","[[0.00000000e+00, 1.68450431e+01, 0.00000000e+00, 2.86026262e-02]
, [5.28412008e+00, 1.91056301e+00, 7.56311645e-04, 7.07294252e-05]
, [1.96309838e+00, 4.92813905e-01, 7.19611493e-05, 2.96968258e-06]]"
"[1, 1, 1, 1, 0]","[[8.92015053, 8.16392214, 7.36401812]]","[[0.00000000e+00, 1.75387301e+01, 0.00000000e+00, 3.12066228e-02]
, [5.11932361e+00, 2.36080608e+00, 8.70160096e-04, 1.44697121e-04]
, [2.14406166e+00, 6.34919040e-01, 9.05973270e-05, 5.57424041e-06]]"
"[1, 1, 1, 1, 1]","[[8.92014714, 8.12337685, 7.37425291]]","[[0.00000000e+00, 2.18272436e+01, 0.00000000e+00, 5.12509286e-02]
, [5.09829362e+00, 1.70399575e+00, 8.94536112e-04, 8.07998607e-05]
, [2.28863394e+00, 6.72231093e-01, 1.12719059e-04, 7.07058251e-06]]"
"[1, 1, 2, 0, 0]","[[8.91865315, 8.24987478, 7.45965229]]","[[0.00000000e+00, 1.29784969e+01, 0.00000000e+00, 1.65449656e-02]
, [5.51610530e+00, 2.76783790e+00, 1.04305382e-03, 2.05177211e-04]
, [2.24082059e+00, 5.70440821e-01, 9.90685810e-05, 4.63156603e-06]]"
"[1, 1, 2, 0, 1]","[[8.92142174, 8.09754135, 7.28245986]]","[[0.00000000e+00, 1.50325842e+01, 0.00000000e+00, 2.22610137e-02]
, [4.97355534e+00, 1.68823295e+00, 9.06106853e-04, 7.96232977e-05]
, [1.99397850e+00, 3.96990599e-01, 9.87540114e-05, 1.90153442e-06]]"
"[1, 1, 2, 1, 0]","[[8.92114003, 8.28248837, 7.38133572]]","[[0.00000000e+00, 1.76477624e+01, 0.00000000e+00, 3.32838470e-02]
, [5.58683359e+00, 1.92555825e+00, 9.13500007e-04, 8.50725658e-05]
, [2.22743764e+00, 4.74017346e-01, 9.28867559e-05, 3.57510374e-06]]"
"[1, 1, 2, 1, 1]","[[8.92297259, 8.18744456, 7.38813034]]","[[0.00000000e+00, 1.78820869e+01, 0.00000000e+00, 3.29756378e-02]
, [5.18942980e+00, 1.87530196e+00, 8.35237947e-04, 9.43392714e-05]
, [2.19898891e+00, 4.79199899e-01, 1.18236057e-04, 3.16311000e-06]]"
"[1, 2, 0, 0, 0]","[[8.92549135, 8.1704157, 7.37887958]]","[[0.00000000e+00, 1.57469928e+01, 0.00000000e+00, 2.55113614e-02]
, [5.42886924e+00, 2.34353677e+00, 9.53352097e-04, 1.47346892e-04]
, [2.00456690e+00, 6.14011529e-01, 7.40520942e-05, 5.63172205e-06]]"
"[1, 2, 0, 0, 1]","[[8.92777151, 8.21426044, 7.14429608]]","[[0.00000000e+00, 1.61328504e+01, 0.00000000e+00, 2.63418392e-02]
, [5.37848104e+00, 2.48142242e+00, 9.33771776e-04, 1.72575819e-04]
, [2.05064801e+00, 5.43411256e-01, 1.41035226e-04, 5.80365337e-06]]"
"[1, 2, 0, 1, 0]","[[8.92352301, 8.2117726, 7.08777037]]","[[0.00000000e+00, 1.70502983e+01, 0.00000000e+00, 2.99865914e-02]
, [5.49689183e+00, 2.50896197e+00, 1.12043903e-03, 1.65595639e-04]
, [1.90627775e+00, 4.26629242e-01, 1.39766244e-04, 2.81399703e-06]]"
"[1, 2, 0, 1, 1]","[[8.92601642, 8.11937846, 7.3715755, ]]","[[0.00000000e+00, 1.94607321e+01, 0.00000000e+00, 3.84950102e-02]
, [5.00549235e+00, 1.90572091e+00, 8.30581924e-04, 9.51482495e-05]
, [1.94675221e+00, 4.22009661e-01, 7.82676436e-05, 2.16608943e-06]]"
"[1, 2, 1, 0, 0]","[[8.92935653, 8.14136857, 7.07223313]]","[[0.00000000e+00, 1.84860501e+01, 0.00000000e+00, 3.52111525e-02]
, [4.79052163e+00, 2.38150125e+00, 7.49703615e-04, 1.51174160e-04]
, [1.76278122e+00, 5.23886378e-01, 8.76312637e-05, 4.68989907e-06]]"
"[1, 2, 1, 0, 1]","[[8.92371549, 8.20939959, 7.34202311]]","[[0.00000000e+00, 1.60589356e+01, 0.00000000e+00, 2.70450237e-02]
, [5.32294753e+00, 2.51729676e+00, 9.48890411e-04, 1.69330122e-04]
, [2.12029727e+00, 7.32777320e-01, 9.23302181e-05, 8.64581474e-06]]"
"[1, 2, 1, 1, 0]","[[8.92715949, 8.21645933, 7.37651357]]","[[0.00000000e+00, 1.58457831e+01, 0.00000000e+00, 2.47906853e-02]
, [5.17953721e+00, 2.67671485e+00, 8.17345614e-04, 1.76434382e-04]
, [1.89470607e+00, 5.19909426e-01, 5.72034167e-05, 3.97188468e-06]]"
"[1, 2, 1, 1, 1]","[[8.91845213, 8.10278889, 7.21925686]]","[[0.00000000e+00, 1.86012704e+01, 0.00000000e+00, 3.56189499e-02]
, [4.87910191e+00, 2.07960626e+00, 8.36037530e-04, 1.32392424e-04]
, [1.98294883e+00, 4.85874009e-01, 9.21602679e-05, 4.36389405e-06]]"
"[1, 2, 2, 0, 0]","[[8.92223374, 8.2458789, 7.08194119]]","[[0.00000000e+00, 2.05681619e+01, 0.00000000e+00, 4.58407691e-02]
, [5.50559948e+00, 2.06367481e+00, 9.12610568e-04, 1.06585957e-04]
, [1.94788504e+00, 3.98480691e-01, 1.33248472e-04, 3.31466203e-06]]"
"[1, 2, 2, 0, 1]","[[8.92576807, 8.25021175, 7.32149512]]","[[0.00000000e+00, 1.26908373e+01, 0.00000000e+00, 1.63242347e-02]
, [5.32452269e+00, 1.55619740e+00, 8.51390389e-04, 5.27363030e-05]
, [2.04776894e+00, 3.93006556e-01, 1.00921733e-04, 1.88812063e-06]]"
"[1, 2, 2, 1, 0]","[[8.92187507, 8.16253144, 7.32260358]]","[[0.00000000e+00, 1.99739677e+01, 0.00000000e+00, 4.15235160e-02]
, [5.21213154e+00, 2.02733430e+00, 9.35845838e-04, 1.11484847e-04]
, [1.97972695e+00, 4.96237400e-01, 7.15659230e-05, 4.14156309e-06]]"
"[1, 2, 2, 1, 1]","[[8.92481457, 8.09242835, 7.19344352]]","[[0.00000000e+00, 1.42708503e+01, 0.00000000e+00, 2.06468644e-02]
, [5.13015696e+00, 1.71962141e+00, 9.59639047e-04, 8.27290996e-05]
, [2.32487314e+00, 5.38204743e-01, 1.64751164e-04, 5.71437515e-06]]"
"[2, 0, 0, 0, 0]","[[8.92234377, 8.18991453, 7.38829881]]","[[0.00000000e+00, 1.81064973e+01, 0.00000000e+00, 3.35560625e-02]
, [5.10210163e+00, 2.70549123e+00, 8.15775490e-04, 1.80747346e-04]
, [2.04028650e+00, 5.85201731e-01, 7.36235627e-05, 4.56384908e-06]]"
"[2, 0, 0, 0, 1]","[[8.9185062, 8.24029446, 7.3208628, ]]","[[0.00000000e+00, 1.67122639e+01, 0.00000000e+00, 2.90724970e-02]
, [5.55728295e+00, 2.55931917e+00, 9.31932868e-04, 1.63949751e-04]
, [2.02397857e+00, 9.45322408e-01, 7.73900586e-05, 1.45452370e-05]]"
"[2, 0, 0, 1, 0]","[[8.9273345, 8.12204541, 7.26062731]]","[[0.00000000e+00, 1.67256280e+01, 0.00000000e+00, 2.74092819e-02]
, [4.80076890e+00, 2.50005948e+00, 8.21066015e-04, 1.90243957e-04]
, [1.83077090e+00, 3.92727084e-01, 6.31730750e-05, 1.95768125e-06]]"
"[2, 0, 0, 1, 1]","[[8.91874565, 8.0598024, 7.05222953]]","[[0.00000000e+00, 1.22525257e+01, 0.00000000e+00, 1.37586581e-02]
, [4.75339030e+00, 2.06951382e+00, 1.01743246e-03, 1.23860997e-04]
, [1.55251953e+00, 4.29758156e-01, 5.36336744e-05, 2.97688887e-06]]"
"[2, 0, 1, 0, 0]","[[8.92337535, 8.21087837, 7.26944689]]","[[0.00000000e+00, 1.53098118e+01, 0.00000000e+00, 2.34787610e-02]
, [5.26959923e+00, 2.86199329e+00, 8.69315430e-04, 2.15850078e-04]
, [2.30866292e+00, 5.97616856e-01, 1.38783030e-04, 6.09259577e-06]]"
"[2, 0, 1, 0, 1]","[[8.91941623, 8.07760564, 7.13166923]]","[[0.00000000e+00, 1.70035364e+01, 0.00000000e+00, 2.91046424e-02]
, [5.16514277e+00, 2.09440416e+00, 1.05982856e-03, 1.40405844e-04]
, [2.14734497e+00, 5.83147172e-01, 1.60737304e-04, 8.69576039e-06]]"
"[2, 0, 1, 1, 0]","[[8.91884232, 8.095448, 7.36116279]]","[[0.00000000e+00, 1.36498936e+01, 0.00000000e+00, 1.82660234e-02]
, [5.03886436e+00, 1.83251938e+00, 8.65906936e-04, 9.59491338e-05]
, [2.18868795e+00, 5.29604014e-01, 1.06020302e-04, 3.99174346e-06]]"
"[2, 0, 1, 1, 1]","[[8.92583662, 8.17219261, 7.36864248]]","[[0.00000000e+00, 1.78343494e+01, 0.00000000e+00, 3.28646783e-02]
, [5.19085463e+00, 1.99341946e+00, 9.17225238e-04, 1.00595998e-04]
, [2.18301512e+00, 4.31858695e-01, 1.02797874e-04, 2.59148036e-06]]"
"[2, 0, 2, 0, 0]","[[8.92457118, 8.18734092, 7.24162358]]","[[0.00000000e+00, 1.60426359e+01, 0.00000000e+00, 2.67525626e-02]
, [5.42427644e+00, 2.64360013e+00, 9.68004498e-04, 2.00708889e-04]
, [2.36707649e+00, 5.48849671e-01, 1.73021447e-04, 5.67625078e-06]]"
"[2, 0, 2, 0, 1]","[[8.91919058, 8.0971824, 7.23168843]]","[[0.00000000e+00, 1.88215986e+01, 0.00000000e+00, 3.66981939e-02]
, [5.15414403e+00, 1.98336854e+00, 1.01191897e-03, 1.19634380e-04]
, [2.17419379e+00, 4.63139391e-01, 1.61662394e-04, 3.39395452e-06]]"
"[2, 0, 2, 1, 0]","[[8.92172405, 8.06772479, 7.05829501]]","[[0.00000000e+00, 1.33905356e+01, 0.00000000e+00, 1.73073161e-02]
, [4.96474483e+00, 2.26584777e+00, 9.35575779e-04, 1.61421364e-04]
, [1.82874599e+00, 5.22970346e-01, 9.99520468e-05, 6.11088873e-06]]"
"[2, 0, 2, 1, 1]","[[8.91729968, 8.19179533, 7.25941532]]","[[0.00000000e+00, 1.76228769e+01, 0.00000000e+00, 3.19310695e-02]
, [5.20663571e+00, 1.98547798e+00, 9.07013641e-04, 1.03683422e-04]
, [2.06070843e+00, 4.53367399e-01, 1.11613623e-04, 3.13886504e-06]]"
"[2, 1, 0, 0, 0]","[[8.91613098, 8.01897352, 7.02658957]]","[[0.00000000e+00, 1.83508749e+01, 0.00000000e+00, 3.30937834e-02]
, [4.71855478e+00, 2.24210393e+00, 9.40434456e-04, 1.54598250e-04]
, [1.72926699e+00, 6.14851700e-01, 8.04067594e-05, 7.23070590e-06]]"
"[2, 1, 0, 0, 1]","[[8.92332326, 8.20395477, 7.22146083]]","[[0.00000000e+00, 1.71864816e+01, 0.00000000e+00, 3.07745024e-02]
, [5.18869551e+00, 3.03451396e+00, 8.65835396e-04, 2.43897626e-04]
, [1.82201533e+00, 5.72881729e-01, 7.04042785e-05, 4.89570415e-06]]"
"[2, 1, 0, 1, 0]","[[8.91672719, 8.11529603, 7.1995224, ]]","[[0.00000000e+00, 2.25084765e+01, 0.00000000e+00, 5.29054777e-02]
, [4.84551077e+00, 2.50047995e+00, 8.96338539e-04, 1.84961604e-04]
, [1.83881927e+00, 4.76576349e-01, 7.58947466e-05, 3.23694712e-06]]"
"[2, 1, 0, 1, 1]","[[8.92326186, 8.19884548, 7.25737136]]","[[0.00000000e+00, 1.44170527e+01, 0.00000000e+00, 2.09776427e-02]
, [5.50405479e+00, 2.20888323e+00, 9.97913273e-04, 1.38787082e-04]
, [2.02115434e+00, 5.06921262e-01, 9.69681457e-05, 4.23055798e-06]]"
"[2, 1, 1, 0, 0]","[[8.92334808, 8.04442135, 7.26925431]]","[[0.00000000e+00, 1.92639512e+01, 0.00000000e+00, 3.86782139e-02]
, [4.70978652e+00, 2.05933731e+00, 7.95403955e-04, 1.28729554e-04]
, [1.92829818e+00, 5.62192785e-01, 7.50462247e-05, 4.64961911e-06]]"
"[2, 1, 1, 0, 1]","[[8.91714328, 8.09340085, 7.35082389]]","[[0.00000000e+00, 2.48062270e+01, 0.00000000e+00, 6.65474457e-02]
, [4.92146041e+00, 2.40882287e+00, 9.16476119e-04, 1.74918233e-04]
, [1.95101555e+00, 9.47996543e-01, 5.45921434e-05, 1.22694389e-05]]"
"[2, 1, 1, 1, 0]","[[8.92222396, 8.06173537, 7.20787234]]","[[0.00000000e+00, 1.74072247e+01, 0.00000000e+00, 3.12247448e-02]
, [4.80110031e+00, 1.79842213e+00, 8.18762577e-04, 9.29204274e-05]
, [2.06484920e+00, 5.59295576e-01, 1.27912514e-04, 5.79922719e-06]]"
"[2, 1, 1, 1, 1]","[[8.92424657, 8.14549344, 7.1231477, ]]","[[0.00000000e+00, 1.78516029e+01, 0.00000000e+00, 3.27318343e-02]
, [4.94312029e+00, 2.12927147e+00, 8.71885579e-04, 1.18600048e-04]
, [2.00851633e+00, 4.89138814e-01, 1.24045551e-04, 4.45943367e-06]]"
"[2, 1, 2, 0, 0]","[[8.91974052, 8.06585207, 7.05386489]]","[[0.00000000e+00, 1.45584640e+01, 0.00000000e+00, 2.04974523e-02]
, [4.96159788e+00, 1.68301791e+00, 9.32328298e-04, 7.41801748e-05]
, [1.72269330e+00, 5.89284533e-01, 7.42403872e-05, 6.20377133e-06]]"
"[2, 1, 2, 0, 1]","[[8.91999979, 8.16701765, 7.25069222]]","[[0.00000000e+00, 1.91629939e+01, 0.00000000e+00, 3.93854413e-02]
, [5.21217936e+00, 2.78912081e+00, 9.74183413e-04, 2.13708017e-04]
, [1.98887162e+00, 3.91770401e-01, 8.92924082e-05, 2.16523907e-06]]"
"[2, 1, 2, 1, 0]","[[8.92331586, 8.10705195, 7.29970119]]","[[0.00000000e+00, 1.50835758e+01, 0.00000000e+00, 2.27479296e-02]
, [5.00414474e+00, 2.24003086e+00, 9.38198857e-04, 1.60074603e-04]
, [1.93837981e+00, 4.41814716e-01, 6.73075365e-05, 2.56871178e-06]]"
"[2, 1, 2, 1, 1]","[[8.92390029, 8.10003444, 7.10302232]]","[[0.00000000e+00, 1.69899231e+01, 0.00000000e+00, 2.84843231e-02]
, [4.61073948e+00, 2.20748651e+00, 6.68389125e-04, 1.15979207e-04]
, [1.74019019e+00, 4.46991535e-01, 7.50391440e-05, 3.07599964e-06]]"
"[2, 2, 0, 0, 0]","[[8.92483029, 8.11438461, 7.09457483]]","[[0.00000000e+00, 1.44063836e+01, 0.00000000e+00, 2.05680471e-02]
, [5.15909197e+00, 2.44425552e+00, 1.11819929e-03, 1.66662191e-04]
, [1.86980577e+00, 5.10171090e-01, 1.01270820e-04, 5.04533315e-06]]"
"[2, 2, 0, 0, 1]","[[8.92072113, 8.12907625, 7.18785694]]","[[0.00000000e+00, 1.90415824e+01, 0.00000000e+00, 3.77909214e-02]
, [5.24461410e+00, 2.48434605e+00, 9.91693120e-04, 1.70683323e-04]
, [1.83794779e+00, 4.80296266e-01, 8.88093254e-05, 3.12189894e-06]]"
"[2, 2, 0, 1, 0]","[[8.91937336, 8.21800931, 7.26565855]]","[[0.00000000e+00, 1.98651517e+01, 0.00000000e+00, 4.07718367e-02]
, [5.10606173e+00, 2.11577334e+00, 7.80081115e-04, 1.11600262e-04]
, [2.04226413e+00, 6.15036303e-01, 9.66858285e-05, 6.19179636e-06]]"
"[2, 2, 0, 1, 1]","[[8.9247239, 8.29052608, 7.14169178]]","[[0.00000000e+00, 1.30652229e+01, 0.00000000e+00, 1.67253409e-02]
, [5.20386204e+00, 2.20380103e+00, 7.23477130e-04, 1.00038324e-04]
, [1.84461525e+00, 4.79974757e-01, 1.00607548e-04, 3.82166088e-06]]"
"[2, 2, 1, 0, 0]","[[8.91820951, 8.08740694, 7.1704962, ]]","[[0.00000000e+00, 1.53007240e+01, 0.00000000e+00, 2.28637562e-02]
, [4.70889595e+00, 1.91709038e+00, 7.51808406e-04, 9.42413738e-05]
, [1.70648428e+00, 5.81523881e-01, 6.22269446e-05, 4.81531800e-06]]"
"[2, 2, 1, 0, 1]","[[8.92438999, 8.15690893, 7.08246666]]","[[0.00000000e+00, 1.93329226e+01, 0.00000000e+00, 3.86327144e-02]
, [4.91233985e+00, 2.68128455e+00, 7.07045970e-04, 1.88496340e-04]
, [1.79002582e+00, 6.70168512e-01, 1.10785607e-04, 9.96636414e-06]]"
"[2, 2, 1, 1, 0]","[[8.92239948, 8.13109225, 7.19688931]]","[[0.00000000e+00, 1.72416178e+01, 0.00000000e+00, 2.97954776e-02]
, [4.92178865e+00, 2.24464994e+00, 7.36278313e-04, 1.45624763e-04]
, [1.96473799e+00, 4.03864619e-01, 1.13893845e-04, 2.99559315e-06]]"
"[2, 2, 1, 1, 1]","[[8.92117027, 8.21808353, 7.3928309, ]]","[[0.00000000e+00, 2.14868319e+01, 0.00000000e+00, 4.90944947e-02]
, [5.06685838e+00, 1.84679948e+00, 7.83351759e-04, 8.11415057e-05]
, [2.15920921e+00, 6.31165380e-01, 8.91835635e-05, 5.39935956e-06]]"
"[2, 2, 2, 0, 0]","[[8.92013688, 8.10035962, 7.30552784]]","[[0.00000000e+00, 1.54724616e+01, 0.00000000e+00, 2.32363994e-02]
, [4.48902766e+00, 1.97805957e+00, 5.91748223e-04, 9.03611789e-05]
, [1.84823278e+00, 5.08404315e-01, 5.97471668e-05, 3.63089253e-06]]"
"[2, 2, 2, 0, 1]","[[8.92018113, 8.1496384, 7.36196764]]","[[0.00000000e+00, 2.06920329e+01, 0.00000000e+00, 4.53397753e-02]
, [5.05623946e+00, 1.91169635e+00, 8.04441203e-04, 9.35971756e-05]
, [2.22138530e+00, 5.00842589e-01, 1.19576053e-04, 3.66296132e-06]]"
"[2, 2, 2, 1, 0]","[[8.91967399, 8.12217285, 7.14441268]]","[[0.00000000e+00, 1.70098996e+01, 0.00000000e+00, 2.91316088e-02]
, [4.94058731e+00, 2.40573490e+00, 1.00082092e-03, 1.65165270e-04]
, [1.94390418e+00, 5.91023989e-01, 1.06124306e-04, 7.67691218e-06]]"
"[2, 2, 2, 1, 1]","[[8.92242429, 8.1919784, 7.1487222, ]]","[[0.00000000e+00, 2.61970863e+01, 0.00000000e+00, 7.33968037e-02]
, [4.64846513e+00, 2.78212392e+00, 5.42690483e-04, 1.79712087e-04]
, [1.52561781e+00, 5.88020627e-01, 4.59013364e-05, 4.91133149e-06]]"
"[0, 0, 0, 0, 0]","[[8.9232046, 8.18179626, 7.43208715]]","[[0.00000000e+00, 1.56829258e+01, 0.00000000e+00, 2.44637103e-02]
, [5.33138377e+00, 2.34886932e+00, 9.93694645e-04, 1.50470095e-04]
, [2.00244093e+00, 5.26532101e-01, 5.99187828e-05, 3.66461848e-06]]"
"[0, 0, 0, 0, 1]","[[8.92339538, 8.18760944, 7.46075938]]","[[0.00000000e+00, 1.88354099e+01, 0.00000000e+00, 3.82358689e-02]
, [5.36180753e+00, 1.71597392e+00, 9.29972148e-04, 7.54100994e-05]
, [2.06216258e+00, 5.46687679e-01, 5.84739032e-05, 3.09495807e-06]]"
"[0, 0, 0, 1, 0]","[[8.92588614, 8.22627968, 7.36950484]]","[[0.00000000e+00, 2.09914011e+01, 0.00000000e+00, 4.63948817e-02]
, [5.28579628e+00, 2.67076738e+00, 7.88227817e-04, 1.85949946e-04]
, [2.12938416e+00, 3.97152331e-01, 8.97053716e-05, 2.28939914e-06]]"
"[0, 0, 0, 1, 1]","[[8.92906665, 8.13528553, 7.21092477]]","[[0.00000000e+00, 1.57788849e+01, 0.00000000e+00, 2.43870012e-02]
, [5.08629132e+00, 2.11810712e+00, 8.85421088e-04, 1.25025523e-04]
, [1.93012300e+00, 5.52185951e-01, 9.08128977e-05, 5.10455734e-06]]"
"[0, 0, 1, 0, 0]","[[8.92275259, 8.24761055, 7.31968834]]","[[0.00000000e+00, 1.53869430e+01, 0.00000000e+00, 2.39977195e-02]
, [5.13937696e+00, 2.18829852e+00, 7.31201889e-04, 1.06762247e-04]
, [1.96769160e+00, 4.67558165e-01, 7.79602230e-05, 3.28131502e-06]]"
"[0, 0, 1, 0, 1]","[[8.92123933, 8.18171906, 7.1410696, ]]","[[0.00000000e+00, 1.81846017e+01, 0.00000000e+00, 3.41608089e-02]
, [5.48371050e+00, 1.84862770e+00, 9.91535428e-04, 8.49341430e-05]
, [1.85534332e+00, 4.36743463e-01, 9.96981777e-05, 3.43697679e-06]]"
"[0, 0, 1, 1, 0]","[[8.92754476, 8.29477066, 7.53388388]]","[[0.00000000e+00, 1.50074873e+01, 0.00000000e+00, 2.35586946e-02]
, [5.65580571e+00, 2.17881790e+00, 9.75530081e-04, 1.13070352e-04]
, [2.30367544e+00, 5.90825008e-01, 9.39604374e-05, 4.55970989e-06]]"
"[0, 0, 1, 1, 1]","[[8.92552768, 8.28899396, 7.29079859]]","[[0.00000000e+00, 1.26014843e+01, 0.00000000e+00, 1.56674897e-02]
, [5.44204970e+00, 1.82419031e+00, 8.24092057e-04, 7.69678356e-05]
, [2.21001404e+00, 4.39869545e-01, 1.69205633e-04, 3.08951093e-06]]"
"[0, 0, 2, 0, 0]","[[8.92430782, 8.28178142, 7.516446, ]]","[[0.00000000e+00, 1.66465556e+01, 0.00000000e+00, 2.95030459e-02]
, [5.62800195e+00, 1.98485395e+00, 8.53090421e-04, 8.88108482e-05]
, [2.37304621e+00, 5.71703272e-01, 1.02572803e-04, 4.46112834e-06]]"
"[0, 0, 2, 0, 1]","[[8.92697526, 8.19015546, 7.22135021]]","[[0.00000000e+00, 2.38496311e+01, 0.00000000e+00, 6.07491782e-02]
, [5.12410914e+00, 2.93386298e+00, 8.38322358e-04, 2.45334792e-04]
, [1.97035720e+00, 3.56825701e-01, 8.71769519e-05, 2.03025110e-06]]"
"[0, 0, 2, 1, 0]","[[8.923703, 8.20439454, 7.43983791]]","[[0.00000000e+00, 1.73952710e+01, 0.00000000e+00, 3.18255554e-02]
, [5.06394788e+00, 2.73859089e+00, 7.68724888e-04, 2.04736739e-04]
, [2.29835807e+00, 4.91895744e-01, 1.05582809e-04, 3.38486262e-06]]"
"[0, 0, 2, 1, 1]","[[8.92603212, 8.23444895, 7.32831982]]","[[0.00000000e+00, 1.92206312e+01, 0.00000000e+00, 3.89729656e-02]
, [5.44084665e+00, 2.31125141e+00, 9.53163805e-04, 1.36391778e-04]
, [1.91990710e+00, 5.63348739e-01, 7.11245509e-05, 4.20922874e-06]]"
"[0, 1, 0, 0, 0]","[[8.92664239, 8.22757457, 7.32245819]]","[[0.00000000e+00, 1.33848586e+01, 0.00000000e+00, 1.77627263e-02]
, [5.22140001e+00, 1.90193558e+00, 8.55851429e-04, 8.35612547e-05]
, [1.87000052e+00, 5.18939449e-01, 6.82745302e-05, 3.87560938e-06]]"
"[0, 1, 0, 0, 1]","[[8.92476558, 8.22005291, 7.44284427]]","[[0.00000000e+00, 1.80933499e+01, 0.00000000e+00, 3.36596089e-02]
, [5.25955991e+00, 1.60273553e+00, 8.86376255e-04, 6.21568207e-05]
, [2.10548844e+00, 6.50330430e-01, 6.68698983e-05, 5.20897694e-06]]"
"[0, 1, 0, 1, 0]","[[8.92162786, 8.20423202, 7.50966672]]","[[0.00000000e+00, 2.80835585e+01, 0.00000000e+00, 8.91892669e-02]
, [5.23316692e+00, 2.17643834e+00, 8.61029290e-04, 1.20108891e-04]
, [2.22763762e+00, 5.92997755e-01, 8.98467446e-05, 4.39409881e-06]]"
"[0, 1, 0, 1, 1]","[[8.92399666, 8.18405542, 7.13429883]]","[[0.00000000e+00, 1.92568236e+01, 0.00000000e+00, 3.94451938e-02]
, [5.24153759e+00, 2.52491877e+00, 8.47778871e-04, 1.75887917e-04]
, [2.05140305e+00, 5.01790193e-01, 1.56299163e-04, 5.03513739e-06]]"
"[0, 1, 1, 0, 0]","[[8.92378629, 8.17306464, 7.35250668]]","[[0.00000000e+00, 1.39998175e+01, 0.00000000e+00, 1.95308883e-02]
, [5.00736132e+00, 2.14065657e+00, 7.72354707e-04, 1.19100778e-04]
, [1.87136778e+00, 3.80111987e-01, 5.42135545e-05, 1.62759602e-06]]"
"[0, 1, 1, 0, 1]","[[8.93008935, 8.18148128, 7.23065723]]","[[0.00000000e+00, 2.04728462e+01, 0.00000000e+00, 4.48599325e-02]
, [5.19299434e+00, 2.73399178e+00, 1.01373103e-03, 2.30424954e-04]
, [2.23521519e+00, 4.89737987e-01, 1.71793012e-04, 4.95131739e-06]]"
"[0, 1, 1, 1, 0]","[[8.92718098, 8.21194009, 7.52386614]]","[[0.00000000e+00, 1.58180260e+01, 0.00000000e+00, 2.63531765e-02]
, [5.52508089e+00, 1.76199631e+00, 9.26470254e-04, 8.23527657e-05]
, [2.40412537e+00, 6.06921206e-01, 9.00827002e-05, 5.06142070e-06]]"
"[0, 1, 1, 1, 1]","[[8.92679996, 8.264172, 7.26869129]]","[[0.00000000e+00, 1.65075713e+01, 0.00000000e+00, 2.88875355e-02]
, [5.46180743e+00, 2.27183354e+00, 8.55106728e-04, 1.23241862e-04]
, [2.19530613e+00, 4.88130691e-01, 1.11776647e-04, 3.71743030e-06]]"
"[0, 1, 2, 0, 0]","[[8.92986748, 8.15577592, 7.28511719]]","[[0.00000000e+00, 1.67975781e+01, 0.00000000e+00, 2.93759536e-02]
, [5.17209010e+00, 2.69158090e+00, 8.63571405e-04, 1.99143253e-04]
, [2.12484928e+00, 5.10632927e-01, 1.08710050e-04, 4.01346578e-06]]"
"[0, 1, 2, 0, 1]","[[8.91913295, 8.19391032, 7.42747486]]","[[0.00000000e+00, 1.95308072e+01, 0.00000000e+00, 3.96480588e-02]
, [5.27939003e+00, 2.56103394e+00, 8.52847859e-04, 1.81673325e-04]
, [2.25109743e+00, 6.52946030e-01, 8.84652566e-05, 6.01048810e-06]]"
"[0, 1, 2, 1, 0]","[[8.92009462, 8.13359738, 7.31559526]]","[[0.00000000e+00, 2.43104589e+01, 0.00000000e+00, 6.23877487e-02]
, [4.96340122e+00, 1.70770591e+00, 7.95424987e-04, 7.52475185e-05]
, [2.07702791e+00, 4.40744879e-01, 9.51875896e-05, 2.86882003e-06]]"
"[0, 1, 2, 1, 1]","[[8.92926045, 8.25233805, 7.1559761, ]]","[[0.00000000e+00, 1.60260708e+01, 0.00000000e+00, 2.68996190e-02]
, [5.28463326e+00, 2.35340676e+00, 8.21844979e-04, 1.41447884e-04]
, [1.96810605e+00, 3.61013832e-01, 1.04765557e-04, 2.04734456e-06]]"
"[0, 2, 0, 0, 0]","[[8.92874205, 8.136156, 7.1392537, ]]","[[0.00000000e+00, 1.29779043e+01, 0.00000000e+00, 1.65088937e-02]
, [5.04927768e+00, 2.57700568e+00, 8.46114565e-04, 2.02207145e-04]
, [1.90188527e+00, 4.76395442e-01, 8.40315039e-05, 3.56210250e-06]]"
"[0, 2, 0, 0, 1]","[[8.92562127, 8.11729616, 7.27881352]]","[[0.00000000e+00, 1.47096813e+01, 0.00000000e+00, 2.18010792e-02]
, [5.11681146e+00, 2.64578591e+00, 9.31326741e-04, 2.01794319e-04]
, [1.92732422e+00, 4.13358843e-01, 8.00603784e-05, 2.69217505e-06]]"
"[0, 2, 0, 1, 0]","[[8.92484953, 8.15972699, 7.22179824]]","[[0.00000000e+00, 1.79007864e+01, 0.00000000e+00, 3.27324774e-02]
, [5.01858734e+00, 1.77779042e+00, 8.33553373e-04, 7.89163539e-05]
, [1.80510103e+00, 4.26687250e-01, 6.49565455e-05, 2.78880084e-06]]"
"[0, 2, 0, 1, 1]","[[8.92525481, 8.08227967, 7.00741492]]","[[0.00000000e+00, 1.71191910e+01, 0.00000000e+00, 2.93892430e-02]
, [4.57768410e+00, 1.74463239e+00, 7.32931810e-04, 7.89000789e-05]
, [1.66791309e+00, 4.40750930e-01, 8.86834945e-05, 4.83000348e-06]]"
"[0, 2, 1, 0, 0]","[[8.91960691, 8.2904543, 7.27238316]]","[[0.00000000e+00, 1.70312928e+01, 0.00000000e+00, 3.05720458e-02]
, [5.48367018e+00, 2.27027079e+00, 9.42392582e-04, 1.25403170e-04]
, [1.86280822e+00, 4.79580460e-01, 5.64418800e-05, 2.94691935e-06]]"
"[0, 2, 1, 0, 1]","[[8.92379897, 8.27340923, 7.42462437]]","[[0.00000000e+00, 1.48908835e+01, 0.00000000e+00, 2.27999993e-02]
, [5.50597523e+00, 2.07882149e+00, 8.51334969e-04, 9.56862325e-05]
, [2.24821791e+00, 4.43310118e-01, 9.26301891e-05, 2.23167899e-06]]"
"[0, 2, 1, 1, 0]","[[8.92572739, 8.16048049, 7.37518288]]","[[0.00000000e+00, 1.83857175e+01, 0.00000000e+00, 3.53522993e-02]
, [5.22748343e+00, 2.46533316e+00, 9.08505260e-04, 1.68611527e-04]
, [2.00984335e+00, 5.16995667e-01, 6.72987220e-05, 3.51927238e-06]]"
"[0, 2, 1, 1, 1]","[[8.91834069, 8.17089404, 7.26169397]]","[[0.00000000e+00, 1.70424009e+01, 0.00000000e+00, 2.99507779e-02]
, [5.15238272e+00, 1.97689816e+00, 8.90269987e-04, 1.08000700e-04]
, [2.13565160e+00, 6.30062211e-01, 1.11359294e-04, 6.91216147e-06]]"
"[0, 2, 2, 0, 0]","[[8.92550806, 8.22464883, 7.25718527]]","[[0.00000000e+00, 1.68660501e+01, 0.00000000e+00, 3.01894507e-02]
, [5.42267978e+00, 2.20960404e+00, 9.73710384e-04, 1.25246135e-04]
, [2.09694688e+00, 3.26241072e-01, 1.03300215e-04, 1.83619476e-06]]"
"[0, 2, 2, 0, 1]","[[8.92597871, 8.03934453, 7.33696056]]","[[0.00000000e+00, 1.70989411e+01, 0.00000000e+00, 3.00771616e-02]
, [4.97127531e+00, 1.98436627e+00, 9.50385571e-04, 1.25481701e-04]
, [2.37245163e+00, 5.03237439e-01, 1.48149719e-04, 4.32420643e-06]]"
"[0, 2, 2, 1, 0]","[[8.92286979, 8.17686846, 7.3969189, ]]","[[0.00000000e+00, 1.83626577e+01, 0.00000000e+00, 3.51442922e-02]
, [5.42924442e+00, 1.75155852e+00, 9.34974736e-04, 8.11469693e-05]
, [2.16492230e+00, 5.92456413e-01, 8.49527228e-05, 4.86418842e-06]]"
"[0, 2, 2, 1, 1]","[[8.92406458, 8.18726819, 7.19626004]]","[[0.00000000e+00, 1.72568566e+01, 0.00000000e+00, 3.02272466e-02]
, [4.89346163e+00, 2.29935403e+00, 7.06712815e-04, 1.37820196e-04]
, [1.87174525e+00, 4.73870440e-01, 7.65709650e-05, 3.79467479e-06]]"
"[1, 0, 0, 0, 0]","[[8.92145513, 8.14200498, 7.06246383]]","[[0.00000000e+00, 1.50104951e+01, 0.00000000e+00, 2.17366582e-02]
, [4.97112545e+00, 1.84667305e+00, 8.32573364e-04, 8.82082992e-05]
, [1.80700269e+00, 4.72451437e-01, 9.56441384e-05, 3.69291240e-06]]"
"[1, 0, 0, 0, 1]","[[8.9223243, 8.15481068, 7.24068619]]","[[0.00000000e+00, 1.90064682e+01, 0.00000000e+00, 3.65388991e-02]
, [4.64689993e+00, 2.40001782e+00, 6.61354509e-04, 1.52425117e-04]
, [1.95130731e+00, 4.64667307e-01, 7.91448163e-05, 3.22155281e-06]]"
"[1, 0, 0, 1, 0]","[[8.91951745, 8.32221132, 7.35470331]]","[[0.00000000e+00, 2.76894808e+01, 0.00000000e+00, 8.53344085e-02]
, [5.55145154e+00, 2.77829733e+00, 7.87726105e-04, 1.87701788e-04]
, [2.06851444e+00, 6.01342777e-01, 1.17624779e-04, 5.10960433e-06]]"
"[1, 0, 0, 1, 1]","[[8.92135546, 8.2476256, 7.29830255]]","[[0.00000000e+00, 1.81149761e+01, 0.00000000e+00, 3.32534420e-02]
, [5.10249799e+00, 3.37617756e+00, 6.91784277e-04, 2.61106341e-04]
, [1.87059786e+00, 6.05492338e-01, 5.88065144e-05, 5.77315392e-06]]"
"[1, 0, 1, 0, 0]","[[8.92051365, 8.09637421, 7.20309444]]","[[0.00000000e+00, 1.85376026e+01, 0.00000000e+00, 3.44415185e-02]
, [4.97200505e+00, 2.48346689e+00, 9.99740949e-04, 1.95249624e-04]
, [2.00960784e+00, 6.87970535e-01, 1.04704268e-04, 8.45518041e-06]]"
"[1, 0, 1, 0, 1]","[[8.92151832, 8.11122084, 7.18133932]]","[[0.00000000e+00, 1.53063786e+01, 0.00000000e+00, 2.35036620e-02]
, [5.11420331e+00, 1.85148591e+00, 8.64046544e-04, 9.26488031e-05]
, [1.84888310e+00, 6.08616281e-01, 8.70863024e-05, 6.72041773e-06]]"
"[1, 0, 1, 1, 0]","[[8.92084027, 8.11329335, 7.37525768]]","[[0.00000000e+00, 1.66627396e+01, 0.00000000e+00, 2.80864697e-02]
, [4.91967317e+00, 1.65321931e+00, 8.48322900e-04, 7.16020597e-05]
, [2.19780269e+00, 8.01884846e-01, 1.05683122e-04, 1.07739245e-05]]"
"[1, 0, 1, 1, 1]","[[8.92194485, 8.13866892, 7.29978025]]","[[0.00000000e+00, 1.65170820e+01, 0.00000000e+00, 2.74186775e-02]
, [5.09597708e+00, 1.78563785e+00, 9.57082776e-04, 9.02225936e-05]
, [1.93876563e+00, 6.90639084e-01, 6.36430491e-05, 6.94228554e-06]]"
"[1, 0, 2, 0, 0]","[[8.91892567, 8.19482561, 7.08782386]]","[[0.00000000e+00, 2.52175046e+01, 0.00000000e+00, 6.90565620e-02]
, [4.90022704e+00, 2.47339892e+00, 6.43991475e-04, 1.40484845e-04]
, [1.82862822e+00, 4.95621382e-01, 8.61488332e-05, 4.82881520e-06]]"
"[1, 0, 2, 0, 1]","[[8.92151533, 8.24041454, 7.34378676]]","[[0.00000000e+00, 1.82480818e+01, 0.00000000e+00, 3.50898004e-02]
, [4.92269503e+00, 2.37272408e+00, 6.30677212e-04, 1.26267639e-04]
, [2.01340166e+00, 6.67221609e-01, 7.40374015e-05, 7.04110575e-06]]"
"[1, 0, 2, 1, 0]","[[8.92043734, 8.12736408, 7.28747455]]","[[0.00000000e+00, 1.65707797e+01, 0.00000000e+00, 2.72235139e-02]
, [4.90831116e+00, 2.13255248e+00, 8.00067169e-04, 1.32385653e-04]
, [1.91573643e+00, 6.33345405e-01, 6.58992391e-05, 5.84746514e-06]]"
"[1, 0, 2, 1, 1]","[[8.92637592, 8.15595707, 7.41465722]]","[[0.00000000e+00, 1.46703688e+01, 0.00000000e+00, 2.08020881e-02]
, [5.35316837e+00, 2.34175753e+00, 1.04716132e-03, 1.70901339e-04]
, [2.22882014e+00, 4.76507213e-01, 1.13220088e-04, 3.33574641e-06]]"
"[1, 1, 0, 0, 0]","[[8.92306069, 8.01722482, 6.9691947, ]]","[[0.00000000e+00, 2.04888659e+01, 0.00000000e+00, 4.28501769e-02]
, [4.83748889e+00, 2.63386927e+00, 1.03655102e-03, 2.50244209e-04]
, [1.56988379e+00, 5.48855210e-01, 5.73528499e-05, 5.56011994e-06]]"
"[1, 1, 0, 0, 1]","[[8.91929784, 8.14278198, 7.27306603]]","[[0.00000000e+00, 1.88909885e+01, 0.00000000e+00, 3.78215771e-02]
, [5.43026058e+00, 2.01944036e+00, 1.08501179e-03, 1.19005941e-04]
, [2.17467359e+00, 6.12782669e-01, 1.12063621e-04, 6.23173529e-06]]"
"[1, 1, 0, 1, 0]","[[8.92495069, 8.16789442, 7.12766574]]","[[0.00000000e+00, 1.30470410e+01, 0.00000000e+00, 1.69033582e-02]
, [5.21208236e+00, 1.84571016e+00, 9.60148185e-04, 8.33903089e-05]
, [1.88347376e+00, 4.82960769e-01, 1.20683095e-04, 5.10550484e-06]]"
"[1, 1, 0, 1, 1]","[[8.92436538, 8.17687068, 7.12155154]]","[[0.00000000e+00, 2.09324875e+01, 0.00000000e+00, 4.56043300e-02]
, [5.01318581e+00, 2.40907655e+00, 8.18459375e-04, 1.50863173e-04]
, [1.71230301e+00, 4.83253451e-01, 7.43222231e-05, 3.75431032e-06]]"
"[1, 1, 1, 0, 0]","[[8.91969312, 8.10312274, 7.31093019]]","[[0.00000000e+00, 1.95996701e+01, 0.00000000e+00, 3.87218328e-02]
, [5.10246769e+00, 1.91765510e+00, 8.82519671e-04, 9.61068236e-05]
, [2.21724969e+00, 4.89738646e-01, 1.16441603e-04, 4.16268062e-06]]"
"[1, 1, 1, 0, 1]","[[8.92128768, 8.14699453, 7.13112115]]","[[0.00000000e+00, 1.54062397e+01, 0.00000000e+00, 2.29633136e-02]
, [4.99624923e+00, 2.72069977e+00, 8.07569100e-04, 1.98411164e-04]
, [2.00042760e+00, 5.36516952e-01, 1.19645875e-04, 6.08165328e-06]]"
"[1, 1, 1, 1, 0]","[[8.91933042, 8.19411698, 7.20717252]]","[[0.00000000e+00, 1.66296885e+01, 0.00000000e+00, 2.84840453e-02]
, [5.49536215e+00, 1.94487545e+00, 1.23549818e-03, 9.90109471e-05]
, [1.90291690e+00, 4.28187741e-01, 8.96843051e-05, 2.71723666e-06]]"
"[1, 1, 1, 1, 1]","[[8.92015708, 8.09083573, 7.27077279]]","[[0.00000000e+00, 1.62742225e+01, 0.00000000e+00, 2.68830283e-02]
, [4.89955937e+00, 1.83923734e+00, 8.63245169e-04, 9.07808056e-05]
, [2.30773727e+00, 5.74718701e-01, 1.46190636e-04, 5.88128889e-06]]"
"[1, 1, 2, 0, 0]","[[8.92540636, 8.16790158, 6.99688018]]","[[0.00000000e+00, 1.86718472e+01, 0.00000000e+00, 3.54192828e-02]
, [4.77541168e+00, 3.34319056e+00, 7.24930190e-04, 3.32797880e-04]
, [1.48237967e+00, 3.78414333e-01, 6.95691993e-05, 2.30953801e-06]]"
"[1, 1, 2, 0, 1]","[[8.92382709, 8.13136754, 7.14308966]]","[[0.00000000e+00, 1.96573719e+01, 0.00000000e+00, 3.87825684e-02]
, [4.49034043e+00, 2.39619340e+00, 6.19542122e-04, 1.38744866e-04]
, [1.61313256e+00, 6.64260762e-01, 8.28170112e-05, 9.89419130e-06]]"
"[1, 1, 2, 1, 0]","[[8.92515394, 8.14644652, 7.20309669]]","[[0.00000000e+00, 1.31461753e+01, 0.00000000e+00, 1.67870860e-02]
, [5.12793496e+00, 2.76035944e+00, 1.10393200e-03, 1.97459698e-04]
, [1.85268688e+00, 5.88466961e-01, 7.69716454e-05, 5.35631600e-06]]"
"[1, 1, 2, 1, 1]","[[8.92022933, 8.20618116, 7.46056397]]","[[0.00000000e+00, 1.35804140e+01, 0.00000000e+00, 1.82145280e-02]
, [5.07059730e+00, 2.13717375e+00, 7.39636320e-04, 1.08739840e-04]
, [1.97819217e+00, 5.67724112e-01, 6.13057685e-05, 3.43246009e-06]]"
"[1, 2, 0, 0, 0]","[[8.92165622, 8.21967912, 7.29040727]]","[[0.00000000e+00, 1.33995943e+01, 0.00000000e+00, 1.71131824e-02]
, [5.07346612e+00, 2.76570435e+00, 6.55457956e-04, 1.76313878e-04]
, [1.98459825e+00, 6.43062354e-01, 8.01923543e-05, 6.95122432e-06]]"
"[1, 2, 0, 0, 1]","[[8.92473226, 8.12461941, 7.31821678]]","[[0.00000000e+00, 1.82097883e+01, 0.00000000e+00, 3.41200770e-02]
, [5.40479331e+00, 1.76985406e+00, 1.12293656e-03, 9.34291181e-05]
, [2.44168426e+00, 5.97772765e-01, 1.63032606e-04, 6.51669042e-06]]"
"[1, 2, 0, 1, 0]","[[8.92379347, 8.17484864, 7.33183225]]","[[0.00000000e+00, 2.08733487e+01, 0.00000000e+00, 4.60274101e-02]
, [4.99909935e+00, 2.08667868e+00, 7.30696538e-04, 1.05906915e-04]
, [1.94398762e+00, 4.56633287e-01, 9.14029023e-05, 2.42984382e-06]]"
"[1, 2, 0, 1, 1]","[[8.92404772, 8.15606855, 7.43268545]]","[[0.00000000e+00, 1.36198418e+01, 0.00000000e+00, 1.83399966e-02]
, [5.10105549e+00, 1.98831756e+00, 9.23768428e-04, 1.08993016e-04]
, [2.42115464e+00, 6.01326793e-01, 1.50104550e-04, 5.53046100e-06]]"
"[1, 2, 1, 0, 0]","[[8.92453216, 8.20609011, 7.27250869]]","[[0.00000000e+00, 1.97732642e+01, 0.00000000e+00, 4.05350469e-02]
, [5.29217226e+00, 2.01067361e+00, 8.70443772e-04, 1.03066398e-04]
, [2.06994948e+00, 6.16744569e-01, 1.26262676e-04, 6.62478722e-06]]"
"[1, 2, 1, 0, 1]","[[8.91660237, 8.01861456, 7.36913306]]","[[0.00000000e+00, 2.12666287e+01, 0.00000000e+00, 4.59739355e-02]
, [4.76160493e+00, 2.18085061e+00, 9.27192083e-04, 1.68746221e-04]
, [2.26995686e+00, 1.02452312e+00, 1.13005212e-04, 1.73411905e-05]]"
"[1, 2, 1, 1, 0]","[[8.92038226, 8.08908403, 7.06257594]]","[[0.00000000e+00, 1.57141277e+01, 0.00000000e+00, 2.39031619e-02]
, [4.80575990e+00, 1.75780972e+00, 7.96167325e-04, 8.66978392e-05]
, [1.87948892e+00, 4.32933788e-01, 1.44111033e-04, 4.42834715e-06]]"
"[1, 2, 1, 1, 1]","[[8.92420384, 8.17048116, 7.42213063]]","[[0.00000000e+00, 2.17308461e+01, 0.00000000e+00, 5.00943480e-02]
, [5.33097078e+00, 2.90780808e+00, 9.54085272e-04, 2.58595832e-04]
, [2.13869027e+00, 4.09462414e-01, 8.64075548e-05, 2.03754416e-06]]"
"[1, 2, 2, 0, 0]","[[8.91999416, 8.2239275, 7.24482103]]","[[0.00000000e+00, 1.85919054e+01, 0.00000000e+00, 3.58960246e-02]
, [5.17001797e+00, 1.83487974e+00, 7.25091545e-04, 7.81117039e-05]
, [2.00959704e+00, 4.26279647e-01, 1.15954348e-04, 3.23900508e-06]]"
"[1, 2, 2, 0, 1]","[[8.92455129, 8.28849364, 7.5004384, ]]","[[0.00000000e+00, 1.59835977e+01, 0.00000000e+00, 2.67938481e-02]
, [5.36964774e+00, 2.26380944e+00, 7.79567996e-04, 1.22222717e-04]
, [2.10090951e+00, 7.39682204e-01, 6.67909823e-05, 6.90327625e-06]]"
"[1, 2, 2, 1, 0]","[[8.92569951, 8.17697168, 7.2536283, ]]","[[0.00000000e+00, 1.80244949e+01, 0.00000000e+00, 3.42998488e-02]
, [5.18967978e+00, 1.70125788e+00, 8.74054759e-04, 8.13285047e-05]
, [2.11814993e+00, 5.84102820e-01, 1.29820703e-04, 5.92684116e-06]]"
"[1, 2, 2, 1, 1]","[[8.91871566, 8.12644371, 7.33031896]]","[[0.00000000e+00, 2.03442182e+01, 0.00000000e+00, 4.30132760e-02]
, [5.11665639e+00, 1.88537179e+00, 9.13952801e-04, 1.00270369e-04]
, [2.15951105e+00, 5.75821778e-01, 1.01156944e-04, 5.17294793e-06]]"
"[2, 0, 0, 0, 0]","[[8.92512434, 8.12428665, 7.16198279]]","[[0.00000000e+00, 1.56830733e+01, 0.00000000e+00, 2.40701043e-02]
, [4.81524866e+00, 2.96526904e+00, 7.37784685e-04, 2.72136789e-04]
, [1.80797871e+00, 5.93980142e-01, 1.02527135e-04, 5.44056378e-06]]"
"[2, 0, 0, 0, 1]","[[8.92764505, 8.15660055, 7.23818664]]","[[0.00000000e+00, 1.59879835e+01, 0.00000000e+00, 2.50183623e-02]
, [4.68397108e+00, 1.70986725e+00, 7.13656038e-04, 6.94437454e-05]
, [1.92007202e+00, 4.89454606e-01, 8.71557504e-05, 4.42112726e-06]]"
"[2, 0, 0, 1, 0]","[[8.9164751, 8.22939825, 7.29756604]]","[[0.00000000e+00, 1.96672516e+01, 0.00000000e+00, 4.10995703e-02]
, [5.30139238e+00, 2.06905236e+00, 8.45079267e-04, 9.47550929e-05]
, [2.23599217e+00, 3.73877904e-01, 1.27591973e-04, 1.92446084e-06]]"
"[2, 0, 0, 1, 1]","[[8.92715652, 8.16429505, 7.22004246]]","[[0.00000000e+00, 1.33069274e+01, 0.00000000e+00, 1.74100520e-02]
, [5.02806751e+00, 1.87349529e+00, 8.26124713e-04, 9.36784416e-05]
, [1.85669878e+00, 4.40844539e-01, 8.76642352e-05, 2.81081545e-06]]"
"[2, 0, 1, 0, 0]","[[8.92196959, 8.16274939, 7.17656603]]","[[0.00000000e+00, 2.19983668e+01, 0.00000000e+00, 5.08360034e-02]
, [4.91954837e+00, 2.49232584e+00, 7.59650620e-04, 1.71394402e-04]
, [2.19914967e+00, 5.22462798e-01, 1.74314710e-04, 5.15569821e-06]]"
"[2, 0, 1, 0, 1]","[[8.92646672, 8.19134259, 7.28547143]]","[[0.00000000e+00, 2.01816768e+01, 0.00000000e+00, 4.23893447e-02]
, [5.05537775e+00, 2.03961367e+00, 7.19964713e-04, 1.08805666e-04]
, [1.94475033e+00, 3.99229079e-01, 8.09730394e-05, 2.15589614e-06]]"
"[2, 0, 1, 1, 0]","[[8.92492109, 8.0334291, 7.09000734]]","[[0.00000000e+00, 1.87574670e+01, 0.00000000e+00, 3.54221973e-02]
, [4.61955907e+00, 1.75903727e+00, 8.10156885e-04, 8.38042497e-05]
, [1.76284290e+00, 4.71062397e-01, 9.15680540e-05, 3.44417099e-06]]"
"[2, 0, 1, 1, 1]","[[8.92119278, 8.2157851, 7.34341158]]","[[0.00000000e+00, 2.25104883e+01, 0.00000000e+00, 5.31858024e-02]
, [5.22435042e+00, 2.49164208e+00, 8.62171203e-04, 1.59720661e-04]
, [1.95214050e+00, 4.49583840e-01, 7.74642622e-05, 2.36501682e-06]]"
"[2, 0, 2, 0, 0]","[[8.92178541, 8.16910343, 7.18215179]]","[[0.00000000e+00, 1.40785280e+01, 0.00000000e+00, 1.93445640e-02]
, [4.84084243e+00, 1.73113254e+00, 7.07757566e-04, 6.87531197e-05]
, [1.52468110e+00, 4.57818598e-01, 4.45762917e-05, 2.94110150e-06]]"
"[2, 0, 2, 0, 1]","[[8.92479348, 8.14786065, 7.10147725]]","[[0.00000000e+00, 1.67323165e+01, 0.00000000e+00, 2.80626078e-02]
, [5.09136400e+00, 2.41729741e+00, 9.51248312e-04, 1.61855657e-04]
, [1.70625710e+00, 5.69769342e-01, 7.95339265e-05, 4.78146412e-06]]"
"[2, 0, 2, 1, 0]","[[8.91898503, 8.13622059, 7.28682473]]","[[0.00000000e+00, 1.58835446e+01, 0.00000000e+00, 2.42831131e-02]
, [5.12616386e+00, 2.02950109e+00, 8.35958504e-04, 1.01063525e-04]
, [1.83325191e+00, 3.97526159e-01, 6.74132929e-05, 1.71766648e-06]]"
"[2, 0, 2, 1, 1]","[[8.91942335, 8.04199529, 7.17586831]]","[[0.00000000e+00, 1.57496312e+01, 0.00000000e+00, 2.42865639e-02]
, [4.86803214e+00, 2.13943109e+00, 1.06584888e-03, 1.47047775e-04]
, [1.96187375e+00, 5.41157514e-01, 9.30197024e-05, 4.94538241e-06]]"
"[2, 1, 0, 0, 0]","[[8.91719613, 8.11605173, 7.10858133]]","[[0.00000000e+00, 2.06190990e+01, 0.00000000e+00, 4.28443803e-02]
, [4.58338451e+00, 2.03664850e+00, 6.94277088e-04, 1.00442487e-04]
, [1.62455216e+00, 5.37574554e-01, 5.74547021e-05, 4.84236411e-06]]"
"[2, 1, 0, 0, 1]","[[8.92384347, 8.18457243, 7.28782972]]","[[0.00000000e+00, 1.46242311e+01, 0.00000000e+00, 2.09755965e-02]
, [5.34798748e+00, 1.94656557e+00, 1.21192357e-03, 9.34185463e-05]
, [2.14912831e+00, 5.09546562e-01, 1.12386156e-04, 3.57327162e-06]]"
"[2, 1, 0, 1, 0]","[[8.92017918, 8.20703395, 7.24401333]]","[[0.00000000e+00, 1.91563862e+01, 0.00000000e+00, 3.82111749e-02]
, [4.76078982e+00, 2.46014384e+00, 6.78665234e-04, 1.43313520e-04]
, [1.83833632e+00, 4.30298052e-01, 6.74122097e-05, 2.28342458e-06]]"
"[2, 1, 0, 1, 1]","[[8.92083202, 8.20326215, 7.1786362, ]]","[[0.00000000e+00, 1.95747491e+01, 0.00000000e+00, 4.08867970e-02]
, [4.95639749e+00, 1.72115760e+00, 8.23075743e-04, 6.69252644e-05]
, [2.11008340e+00, 5.33798555e-01, 1.46209070e-04, 4.99263800e-06]]"
"[2, 1, 1, 0, 0]","[[8.92227612, 8.11968316, 7.25443994]]","[[0.00000000e+00, 1.93507400e+01, 0.00000000e+00, 3.89665534e-02]
, [5.05697789e+00, 2.38308138e+00, 9.44684521e-04, 1.63912114e-04]
, [2.08052547e+00, 6.82985437e-01, 8.72250699e-05, 7.89787185e-06]]"
"[2, 1, 1, 0, 1]","[[8.92209688, 8.15057132, 7.40536817]]","[[0.00000000e+00, 1.94385504e+01, 0.00000000e+00, 4.01093099e-02]
, [5.23709746e+00, 2.00590141e+00, 1.00620356e-03, 1.09410552e-04]
, [1.98363783e+00, 4.98095629e-01, 7.04544462e-05, 2.88697482e-06]]"
"[2, 1, 1, 1, 0]","[[8.92437787, 8.17707613, 7.25414267]]","[[0.00000000e+00, 1.91789334e+01, 0.00000000e+00, 3.76996995e-02]
, [5.51494733e+00, 2.04746742e+00, 1.12500155e-03, 1.15936025e-04]
, [2.14683983e+00, 4.10981006e-01, 1.23330615e-04, 2.99858834e-06]]"
"[2, 1, 1, 1, 1]","[[8.91753483, 8.08075966, 7.055173, ]]","[[0.00000000e+00, 1.71131127e+01, 0.00000000e+00, 2.82704241e-02]
, [5.05801622e+00, 2.76426475e+00, 9.77042593e-04, 2.46953974e-04]
, [1.95006187e+00, 6.56544177e-01, 1.04490630e-04, 9.73864673e-06]]"
"[2, 1, 2, 0, 0]","[[8.92434729, 8.19545787, 7.28248783]]","[[0.00000000e+00, 1.87057031e+01, 0.00000000e+00, 3.71969939e-02]
, [5.33180021e+00, 2.36788037e+00, 1.01142548e-03, 1.41500967e-04]
, [2.29272056e+00, 7.14712170e-01, 1.40913755e-04, 1.02107027e-05]]"
"[2, 1, 2, 0, 1]","[[8.92277222, 8.18421631, 7.26100878]]","[[0.00000000e+00, 1.70867642e+01, 0.00000000e+00, 2.95738679e-02]
, [4.94368266e+00, 1.63571663e+00, 7.57632977e-04, 6.20019746e-05]
, [1.86784059e+00, 5.38945776e-01, 7.12016432e-05, 4.39179793e-06]]"
"[2, 1, 2, 1, 0]","[[8.92252359, 8.10132303, 7.11899759]]","[[0.00000000e+00, 2.09301682e+01, 0.00000000e+00, 4.51842758e-02]
, [4.71221091e+00, 3.99388265e+00, 7.51856591e-04, 5.18165617e-04]
, [1.97732450e+00, 8.37829444e-01, 1.13408575e-04, 1.65452686e-05]]"
"[2, 1, 2, 1, 1]","[[8.92133623, 8.08124103, 7.32147168]]","[[0.00000000e+00, 1.44907780e+01, 0.00000000e+00, 2.03861051e-02]
, [5.00303323e+00, 1.81530701e+00, 9.34015525e-04, 1.04990876e-04]
, [2.04248690e+00, 5.45792889e-01, 8.73581672e-05, 4.94757104e-06]]"
"[2, 2, 0, 0, 0]","[[8.91874042, 8.10581315, 7.03356909]]","[[0.00000000e+00, 1.59969544e+01, 0.00000000e+00, 2.44556209e-02]
, [4.82427464e+00, 2.32565666e+00, 8.46626535e-04, 1.49273777e-04]
, [1.76532888e+00, 4.72738841e-01, 9.31202156e-05, 4.58968485e-06]]"
"[2, 2, 0, 0, 1]","[[8.92222565, 8.15269881, 7.34788986]]","[[0.00000000e+00, 1.55787601e+01, 0.00000000e+00, 2.45162489e-02]
, [5.06680168e+00, 2.18065369e+00, 8.61072289e-04, 1.24749108e-04]
, [2.14290343e+00, 5.80116578e-01, 8.77921667e-05, 5.23541088e-06]]"
"[2, 2, 0, 1, 0]","[[8.92801232, 8.12560144, 7.11529779]]","[[0.00000000e+00, 1.42178075e+01, 0.00000000e+00, 2.02186113e-02]
, [5.12280077e+00, 1.87428099e+00, 9.33633895e-04, 9.23515520e-05]
, [1.83384908e+00, 3.01219493e-01, 8.63276609e-05, 1.40714970e-06]]"
"[2, 2, 0, 1, 1]","[[8.91853125, 8.15429397, 7.1682242, ]]","[[0.00000000e+00, 1.84048234e+01, 0.00000000e+00, 3.49395998e-02]
, [4.97837077e+00, 2.14404081e+00, 8.90285535e-04, 1.15947655e-04]
, [1.87261210e+00, 5.31903725e-01, 9.63593645e-05, 5.78534786e-06]]"
"[2, 2, 1, 0, 0]","[[8.92114358, 8.1352313, 7.19813792]]","[[0.00000000e+00, 2.72296251e+01, 0.00000000e+00, 7.92627585e-02]
, [4.77854458e+00, 2.62792988e+00, 7.37396106e-04, 1.97359897e-04]
, [1.77552437e+00, 3.88214153e-01, 6.25882614e-05, 2.26127726e-06]]"
"[2, 2, 1, 0, 1]","[[8.92548367, 8.09934363, 7.11354818]]","[[0.00000000e+00, 1.88721008e+01, 0.00000000e+00, 3.64302707e-02]
, [4.70034907e+00, 2.29358345e+00, 7.13152603e-04, 1.47901839e-04]
, [1.92910835e+00, 5.29092028e-01, 8.87485484e-05, 4.90308469e-06]]"
"[2, 2, 1, 1, 0]","[[8.92662215, 8.13471453, 7.29961689]]","[[0.00000000e+00, 1.64818625e+01, 0.00000000e+00, 2.77819233e-02]
, [5.08569071e+00, 1.91923929e+00, 9.14854529e-04, 1.04345175e-04]
, [1.89045540e+00, 5.17630727e-01, 6.95769378e-05, 4.04002781e-06]]"
"[2, 2, 1, 1, 1]","[[8.92532137, 8.06941595, 7.34706469]]","[[0.00000000e+00, 1.54376898e+01, 0.00000000e+00, 2.28462087e-02]
, [4.91640319e+00, 1.81753928e+00, 9.97987045e-04, 9.61878347e-05]
, [1.97450903e+00, 7.66338981e-01, 7.04824212e-05, 8.81530474e-06]]"
"[2, 2, 2, 0, 0]","[[8.92382497, 8.03286478, 7.06235354]]","[[0.00000000e+00, 1.67662555e+01, 0.00000000e+00, 2.75403734e-02]
, [4.74049386e+00, 1.83988101e+00, 9.14686517e-04, 9.78550675e-05]
, [1.80280787e+00, 5.65269810e-01, 1.18607707e-04, 6.76897945e-06]]"
"[2, 2, 2, 0, 1]","[[8.92167706, 8.19162525, 7.32555242]]","[[0.00000000e+00, 1.70063075e+01, 0.00000000e+00, 2.91230092e-02]
, [4.81389069e+00, 1.74845786e+00, 6.61977270e-04, 7.26485131e-05]
, [2.03350363e+00, 5.66947391e-01, 8.24934937e-05, 4.31032423e-06]]"
"[2, 2, 2, 1, 0]","[[8.92112405, 8.12541144, 7.04976093]]","[[0.00000000e+00, 1.93235087e+01, 0.00000000e+00, 3.85368067e-02]
, [4.92982688e+00, 2.53737409e+00, 8.36056577e-04, 1.77426941e-04]
, [1.78920056e+00, 6.02240803e-01, 8.11575571e-05, 6.53517773e-06]]"
"[2, 2, 2, 1, 1]","[[8.92242222, 8.17273127, 7.3582034, ]]","[[0.00000000e+00, 2.19288642e+01, 0.00000000e+00, 5.10657882e-02]
, [5.22688888e+00, 2.45058393e+00, 9.41950237e-04, 1.63399157e-04]
, [2.09636791e+00, 5.12591351e-01, 9.65221130e-05, 3.66640703e-06]]"
"[0, 0, 0, 0, 0]","[[8.92160769, 8.29083941, 7.58177038]]","[[0.00000000e+00, 2.57130688e+01, 0.00000000e+00, 7.33131733e-02]
, [5.64117551e+00, 3.02379110e+00, 9.09780059e-04, 2.29940625e-04]
, [2.35069775e+00, 6.35591493e-01, 8.59072581e-05, 5.10192930e-06]]"
"[0, 0, 0, 0, 1]","[[8.92313548, 8.17903615, 7.3104518, ]]","[[0.00000000e+00, 1.88778621e+01, 0.00000000e+00, 3.78053573e-02]
, [5.15907953e+00, 1.90142862e+00, 8.87261692e-04, 8.77728745e-05]
, [2.06168649e+00, 5.84346174e-01, 9.97537181e-05, 5.89364410e-06]]"
"[0, 0, 0, 1, 0]","[[8.91630661, 8.23305731, 7.33192815]]","[[0.00000000e+00, 1.86577476e+01, 0.00000000e+00, 3.49181535e-02]
, [5.08000156e+00, 2.82388431e+00, 7.59195274e-04, 1.94445630e-04]
, [2.02498193e+00, 5.25930280e-01, 9.06880188e-05, 4.59190071e-06]]"
"[0, 0, 0, 1, 1]","[[8.92779934, 8.27999671, 7.51724792]]","[[0.00000000e+00, 2.06292452e+01, 0.00000000e+00, 4.62044453e-02]
, [5.18730721e+00, 1.75974986e+00, 6.45495058e-04, 6.41691532e-05]
, [2.35949064e+00, 5.39308258e-01, 9.96875592e-05, 3.55054188e-06]]"
"[0, 0, 1, 0, 0]","[[8.91999792, 8.10208827, 7.35268162]]","[[0.00000000e+00, 2.21538690e+01, 0.00000000e+00, 5.29322770e-02]
, [4.98952323e+00, 2.09604518e+00, 8.89297473e-04, 1.30002258e-04]
, [2.24554918e+00, 6.37810719e-01, 1.41732017e-04, 6.84891101e-06]]"
"[0, 0, 1, 0, 1]","[[8.92159514, 8.17618421, 7.28760659]]","[[0.00000000e+00, 1.74928995e+01, 0.00000000e+00, 3.22626379e-02]
, [5.14862960e+00, 2.07943175e+00, 7.92150934e-04, 1.10946031e-04]
, [2.01688490e+00, 3.93043630e-01, 8.21329663e-05, 2.11365588e-06]]"
"[0, 0, 1, 1, 0]","[[8.92453351, 8.18103131, 7.27358364]]","[[0.00000000e+00, 2.17542089e+01, 0.00000000e+00, 5.06083323e-02]
, [5.25944223e+00, 2.37275861e+00, 8.63202610e-04, 1.61162376e-04]
, [1.92997534e+00, 5.40330902e-01, 8.09174718e-05, 4.39618893e-06]]"
"[0, 0, 1, 1, 1]","[[8.92120499, 8.26565255, 7.31888491]]","[[0.00000000e+00, 1.99253770e+01, 0.00000000e+00, 4.18946831e-02]
, [4.96663781e+00, 1.86173274e+00, 6.57225008e-04, 7.62064965e-05]
, [1.97532444e+00, 4.41394356e-01, 6.72433573e-05, 2.62804700e-06]]"
"[0, 0, 2, 0, 0]","[[8.92008429, 8.23819593, 7.34890065]]","[[0.00000000e+00, 2.09362658e+01, 0.00000000e+00, 4.75396983e-02]
, [5.39280324e+00, 2.62590401e+00, 8.54214603e-04, 1.88313046e-04]
, [2.26574379e+00, 5.07612575e-01, 1.31838966e-04, 4.18442770e-06]]"
"[0, 0, 2, 0, 1]","[[8.92575175, 8.24614914, 7.20125595]]","[[0.00000000e+00, 1.45586307e+01, 0.00000000e+00, 2.13972518e-02]
, [5.24683459e+00, 2.85005521e+00, 8.09793305e-04, 2.13599976e-04]
, [2.00818541e+00, 5.97118081e-01, 9.75160993e-05, 6.64282229e-06]]"
"[0, 0, 2, 1, 0]","[[8.92280218, 8.17790232, 7.30537198]]","[[0.00000000e+00, 1.85954749e+01, 0.00000000e+00, 3.63258624e-02]
, [5.09302660e+00, 2.02711082e+00, 8.58484162e-04, 1.05304778e-04]
, [1.99049038e+00, 5.44154797e-01, 8.53937259e-05, 4.22264997e-06]]"
"[0, 0, 2, 1, 1]","[[8.92432529, 8.09803072, 7.28652483]]","[[0.00000000e+00, 1.65122015e+01, 0.00000000e+00, 2.76522221e-02]
, [4.91767492e+00, 1.51627192e+00, 8.85873394e-04, 6.20746265e-05]
, [2.28186253e+00, 6.37651163e-01, 1.34964425e-04, 7.34806796e-06]]"
"[0, 1, 0, 0, 0]","[[8.92793351, 8.1437298, 7.0495497, ]]","[[0.00000000e+00, 1.83450879e+01, 0.00000000e+00, 3.51420594e-02]
, [5.29866811e+00, 2.61161946e+00, 1.01077285e-03, 2.14775783e-04]
, [1.88816187e+00, 5.20583361e-01, 1.09097975e-04, 6.89208438e-06]]"
"[0, 1, 0, 0, 1]","[[8.92709435, 8.1236921, 7.42966852]]","[[0.00000000e+00, 1.41164617e+01, 0.00000000e+00, 1.94311354e-02]
, [5.26661989e+00, 1.99768196e+00, 9.45260308e-04, 1.14026097e-04]
, [2.34367144e+00, 5.33029329e-01, 1.04916775e-04, 4.21616656e-06]]"
"[0, 1, 0, 1, 0]","[[8.92634002, 8.28006254, 7.47751828]]","[[0.00000000e+00, 1.57399381e+01, 0.00000000e+00, 2.53522842e-02]
, [5.55385679e+00, 1.98615534e+00, 9.52756183e-04, 8.93854510e-05]
, [2.55718686e+00, 7.01226353e-01, 1.35465994e-04, 7.48565212e-06]]"
"[0, 1, 0, 1, 1]","[[8.9272974, 8.23666451, 7.45504193]]","[[0.00000000e+00, 1.71588101e+01, 0.00000000e+00, 3.06479072e-02]
, [5.59744087e+00, 2.47927129e+00, 9.66188550e-04, 1.55270852e-04]
, [2.31739480e+00, 4.55523080e-01, 9.56854058e-05, 2.83966898e-06]]"
"[0, 1, 1, 0, 0]","[[8.92396276, 8.26912545, 7.39720929]]","[[0.00000000e+00, 1.56777789e+01, 0.00000000e+00, 2.51576894e-02]
, [5.34460598e+00, 1.98275518e+00, 7.49933754e-04, 8.25145465e-05]
, [2.24482560e+00, 4.48247988e-01, 1.22238020e-04, 3.05572597e-06]]"
"[0, 1, 1, 0, 1]","[[8.92393766, 8.2021387, 7.21037798]]","[[0.00000000e+00, 1.56238078e+01, 0.00000000e+00, 2.40963226e-02]
, [5.37228819e+00, 2.57700757e+00, 8.60302285e-04, 1.73183258e-04]
, [2.06338462e+00, 5.91889784e-01, 1.24400611e-04, 7.24932163e-06]]"
"[0, 1, 1, 1, 0]","[[8.91434374, 8.10826901, 7.34556798]]","[[0.00000000e+00, 1.90495855e+01, 0.00000000e+00, 3.73213097e-02]
, [4.85904798e+00, 2.02878624e+00, 6.99377422e-04, 1.10698253e-04]
, [2.23262536e+00, 6.64531799e-01, 1.00784629e-04, 7.49903977e-06]]"
"[0, 1, 1, 1, 1]","[[8.92491113, 8.25744235, 7.55892331]]","[[0.00000000e+00, 1.66878255e+01, 0.00000000e+00, 2.90611006e-02]
, [5.47962814e+00, 1.93579486e+00, 8.88899387e-04, 9.22541068e-05]
, [2.36381745e+00, 5.87020537e-01, 6.90001709e-05, 3.40129508e-06]]"
"[0, 1, 2, 0, 0]","[[8.92798673, 8.26726037, 7.351959, ]]","[[0.00000000e+00, 1.44883327e+01, 0.00000000e+00, 2.11615447e-02]
, [5.37789731e+00, 1.82978343e+00, 8.04134237e-04, 7.14139948e-05]
, [2.04850409e+00, 3.29361992e-01, 7.37476798e-05, 1.43447532e-06]]"
"[0, 1, 2, 0, 1]","[[8.92018733, 8.17819642, 7.23857152]]","[[0.00000000e+00, 1.41887888e+01, 0.00000000e+00, 1.98614734e-02]
, [5.03402947e+00, 2.64175247e+00, 7.09830389e-04, 1.71468893e-04]
, [2.22956754e+00, 5.87305091e-01, 1.50635786e-04, 6.61068599e-06]]"
"[0, 1, 2, 1, 0]","[[8.9223431, 8.18108268, 7.27305514]]","[[0.00000000e+00, 1.82115586e+01, 0.00000000e+00, 3.40623813e-02]
, [5.12963731e+00, 2.26473391e+00, 9.49348699e-04, 1.29713548e-04]
, [2.14849069e+00, 5.77344851e-01, 1.01286000e-04, 5.48244101e-06]]"
"[0, 1, 2, 1, 1]","[[8.91895413, 8.16220524, 7.33969637]]","[[0.00000000e+00, 2.51496602e+01, 0.00000000e+00, 6.78247515e-02]
, [5.20522102e+00, 2.45724836e+00, 9.08946147e-04, 1.79853751e-04]
, [1.99789238e+00, 5.63924293e-01, 6.30829239e-05, 4.13629377e-06]]"
"[0, 2, 0, 0, 0]","[[8.92867273, 8.20162492, 7.54688889]]","[[0.00000000e+00, 1.82487771e+01, 0.00000000e+00, 3.47365716e-02]
, [4.99658358e+00, 1.96373671e+00, 7.39429200e-04, 9.66901568e-05]
, [2.49681403e+00, 6.51939403e-01, 1.21116887e-04, 5.93908456e-06]]"
"[0, 2, 0, 0, 1]","[[8.92486327, 8.27272267, 7.40996624]]","[[0.00000000e+00, 2.11713234e+01, 0.00000000e+00, 4.76205342e-02]
, [5.43105510e+00, 2.21163652e+00, 8.64164658e-04, 1.19160997e-04]
, [2.15797744e+00, 6.70778856e-01, 7.34095457e-05, 5.90342006e-06]]"
"[0, 2, 0, 1, 0]","[[8.92490997, 8.17646076, 7.38836268]]","[[0.00000000e+00, 2.05507679e+01, 0.00000000e+00, 4.38474082e-02]
, [5.30106433e+00, 1.89045378e+00, 8.56759714e-04, 9.23060193e-05]
, [2.01334247e+00, 3.97966519e-01, 6.08134930e-05, 1.83618410e-06]]"
"[0, 2, 0, 1, 1]","[[8.92586231, 8.22043645, 7.00758551]]","[[0.00000000e+00, 1.31991341e+01, 0.00000000e+00, 1.78006829e-02]
, [5.34598865e+00, 1.97088153e+00, 8.94221114e-04, 8.98431935e-05]
, [1.73834308e+00, 3.43573624e-01, 1.08078903e-04, 2.74203748e-06]]"
"[0, 2, 1, 0, 0]","[[8.92850676, 8.1961697, 7.13817031]]","[[0.00000000e+00, 1.40922670e+01, 0.00000000e+00, 2.03756168e-02]
, [5.11353514e+00, 2.96104242e+00, 8.86708163e-04, 2.32109169e-04]
, [1.85069185e+00, 4.76770221e-01, 1.19234224e-04, 4.01069700e-06]]"
"[0, 2, 1, 0, 1]","[[8.92155893, 8.26228714, 7.40534205]]","[[0.00000000e+00, 2.02502360e+01, 0.00000000e+00, 4.29701643e-02]
, [5.17525294e+00, 1.66021889e+00, 7.54897719e-04, 5.51838524e-05]
, [2.29880708e+00, 5.94374506e-01, 1.23553379e-04, 5.28454255e-06]]"
"[0, 2, 1, 1, 0]","[[8.92682339, 8.24247722, 7.27280141]]","[[0.00000000e+00, 1.53878694e+01, 0.00000000e+00, 2.41107040e-02]
, [5.16280220e+00, 1.80438119e+00, 7.56034691e-04, 7.64973871e-05]
, [1.94437927e+00, 3.70573001e-01, 8.18341736e-05, 1.99867993e-06]]"
"[0, 2, 1, 1, 1]","[[8.92387007, 8.25886721, 7.33711992]]","[[0.00000000e+00, 1.85542129e+01, 0.00000000e+00, 3.62311276e-02]
, [5.18726837e+00, 1.61056647e+00, 7.20389086e-04, 5.48199927e-05]
, [2.02775405e+00, 5.01577392e-01, 9.69054532e-05, 4.01925858e-06]]"
"[0, 2, 2, 0, 0]","[[8.92361599, 8.2535637, 7.48162775]]","[[0.00000000e+00, 1.59513561e+01, 0.00000000e+00, 2.55899262e-02]
, [5.48578248e+00, 1.70158317e+00, 9.12810578e-04, 6.77704384e-05]
, [2.20047413e+00, 5.21269975e-01, 9.20587918e-05, 3.45322730e-06]]"
"[0, 2, 2, 0, 1]","[[8.91712936, 8.29029634, 7.21237219]]","[[0.00000000e+00, 1.63471527e+01, 0.00000000e+00, 2.79859757e-02]
, [5.44341490e+00, 1.96484112e+00, 8.35422256e-04, 8.55631260e-05]
, [1.90736650e+00, 4.68051404e-01, 1.00272589e-04, 4.36778667e-06]]"
"[0, 2, 2, 1, 0]","[[8.92744053, 8.19272812, 7.35745045]]","[[0.00000000e+00, 2.00813647e+01, 0.00000000e+00, 4.18656632e-02]
, [5.09897094e+00, 2.16154306e+00, 7.71440788e-04, 1.24748698e-04]
, [2.02571646e+00, 5.56973245e-01, 9.47540407e-05, 4.45561686e-06]]"
"[0, 2, 2, 1, 1]","[[8.92105831, 8.13332273, 7.06022105]]","[[0.00000000e+00, 1.74644238e+01, 0.00000000e+00, 3.14291841e-02]
, [4.95995757e+00, 2.25168832e+00, 8.17356540e-04, 1.43640429e-04]
, [1.62742637e+00, 5.26253784e-01, 7.26932325e-05, 5.07186235e-06]]"
"[1, 0, 0, 0, 0]","[[8.92221232, 8.03285538, 7.14638075]]","[[0.00000000e+00, 1.55315588e+01, 0.00000000e+00, 2.33960079e-02]
, [4.72845231e+00, 2.40572680e+00, 9.07462553e-04, 1.79688133e-04]
, [1.97299901e+00, 4.23147784e-01, 1.34525903e-04, 3.95679879e-06]]"
"[1, 0, 0, 0, 1]","[[8.9228687, 8.19310922, 7.43051886]]","[[0.00000000e+00, 2.39613739e+01, 0.00000000e+00, 6.06084383e-02]
, [5.04085283e+00, 2.18435241e+00, 7.91919637e-04, 1.16605232e-04]
, [2.03193924e+00, 5.71051125e-01, 6.57760720e-05, 4.24143744e-06]]"
"[1, 0, 0, 1, 0]","[[8.92289725, 8.16559515, 7.30753171]]","[[0.00000000e+00, 1.90199413e+01, 0.00000000e+00, 3.59833113e-02]
, [4.89772012e+00, 2.69861342e+00, 7.18697604e-04, 1.96480358e-04]
, [2.07598948e+00, 6.25086561e-01, 9.08320023e-05, 6.69143274e-06]]"
"[1, 0, 0, 1, 1]","[[8.92059263, 8.1458435, 7.20599124]]","[[0.00000000e+00, 1.89694856e+01, 0.00000000e+00, 3.75555229e-02]
, [5.07987937e+00, 2.24637792e+00, 8.77816794e-04, 1.28000308e-04]
, [1.85213892e+00, 6.18027166e-01, 7.30489910e-05, 6.20723922e-06]]"
"[1, 0, 1, 0, 0]","[[8.92040532, 8.15880536, 7.30854077]]","[[0.00000000e+00, 1.96193257e+01, 0.00000000e+00, 3.91007389e-02]
, [4.82330250e+00, 2.71314751e+00, 6.91957704e-04, 2.05828575e-04]
, [1.93545755e+00, 7.00118971e-01, 7.41608481e-05, 7.84513850e-06]]"
"[1, 0, 1, 0, 1]","[[8.91829315, 8.18362068, 7.43711449]]","[[0.00000000e+00, 1.75174651e+01, 0.00000000e+00, 3.09278880e-02]
, [5.30345889e+00, 1.95233525e+00, 9.39657163e-04, 1.06421918e-04]
, [2.14985502e+00, 7.82782618e-01, 6.42212578e-05, 7.54943021e-06]]"
"[1, 0, 1, 1, 0]","[[8.92613382, 8.11391972, 7.32697534]]","[[0.00000000e+00, 1.81431517e+01, 0.00000000e+00, 3.33701052e-02]
, [5.18869017e+00, 2.79509305e+00, 9.83309132e-04, 2.38931719e-04]
, [2.04383845e+00, 5.91004087e-01, 6.83438856e-05, 5.03289664e-06]]"
"[1, 0, 1, 1, 1]","[[8.92629362, 8.22391849, 7.19265366]]","[[0.00000000e+00, 1.70929362e+01, 0.00000000e+00, 2.94864206e-02]
, [5.23478962e+00, 2.79496098e+00, 8.40229234e-04, 2.00102767e-04]
, [2.06930848e+00, 6.00235728e-01, 1.32587711e-04, 7.64372311e-06]]"
"[1, 0, 2, 0, 0]","[[8.91843813, 8.20993331, 7.32386482]]","[[0.00000000e+00, 2.65778738e+01, 0.00000000e+00, 7.71192777e-02]
, [5.38168470e+00, 1.96905674e+00, 8.56847109e-04, 9.86961231e-05]
, [2.38190524e+00, 4.97691466e-01, 1.60583475e-04, 3.92000555e-06]]"
"[1, 0, 2, 0, 1]","[[8.93028542, 8.13019174, 7.2836345, ]]","[[0.00000000e+00, 1.26654866e+01, 0.00000000e+00, 1.60976842e-02]
, [4.92669877e+00, 1.74875325e+00, 8.04290244e-04, 7.94532249e-05]
, [1.92568619e+00, 3.68582412e-01, 7.89463257e-05, 1.90336597e-06]]"
"[1, 0, 2, 1, 0]","[[8.92262328, 8.20298823, 7.33416526]]","[[0.00000000e+00, 1.58782971e+01, 0.00000000e+00, 2.57624780e-02]
, [5.13557388e+00, 2.10091200e+00, 7.60832654e-04, 1.14126470e-04]
, [2.14393224e+00, 4.97603505e-01, 8.81166719e-05, 3.75436280e-06]]"
"[1, 0, 2, 1, 1]","[[8.92647119, 8.10177466, 7.32507735]]","[[0.00000000e+00, 1.43107663e+01, 0.00000000e+00, 1.96883866e-02]
, [4.72709772e+00, 2.00786330e+00, 7.13373344e-04, 1.07399749e-04]
, [1.99653970e+00, 4.15716293e-01, 6.66196222e-05, 2.48012655e-06]]"
"[1, 1, 0, 0, 0]","[[8.91664434, 8.14099417, 7.20389193]]","[[0.00000000e+00, 1.98545816e+01, 0.00000000e+00, 4.01100037e-02]
, [4.89344046e+00, 2.11856972e+00, 8.26456645e-04, 1.13412622e-04]
, [1.83669826e+00, 7.09634430e-01, 6.95363626e-05, 8.78599241e-06]]"
"[1, 1, 0, 0, 1]","[[8.91904554, 8.1065523, 7.07977562]]","[[0.00000000e+00, 1.61149607e+01, 0.00000000e+00, 2.55507577e-02]
, [5.23352977e+00, 1.72524578e+00, 1.02761732e-03, 8.26476703e-05]
, [1.83749211e+00, 5.47137673e-01, 9.26652860e-05, 6.84331758e-06]]"
"[1, 1, 0, 1, 0]","[[8.92211611, 8.20099863, 7.28882826]]","[[0.00000000e+00, 1.79019833e+01, 0.00000000e+00, 3.25216947e-02]
, [5.47972083e+00, 2.09523862e+00, 9.99911480e-04, 1.16241631e-04]
, [2.09284854e+00, 4.81171326e-01, 9.29380747e-05, 3.70481543e-06]]"
"[1, 1, 0, 1, 1]","[[8.92131879, 8.11733383, 7.21292258]]","[[0.00000000e+00, 1.61077790e+01, 0.00000000e+00, 2.61572217e-02]
, [5.10596819e+00, 1.99342342e+00, 8.38644192e-04, 1.15546586e-04]
, [1.94444011e+00, 5.86661588e-01, 8.90681641e-05, 6.70838617e-06]]"
"[1, 1, 1, 0, 0]","[[8.92354145, 8.25666548, 7.32175741]]","[[0.00000000e+00, 1.46916348e+01, 0.00000000e+00, 2.16350652e-02]
, [5.61575029e+00, 1.89595236e+00, 9.89538691e-04, 8.98696807e-05]
, [2.09575968e+00, 5.57163899e-01, 9.23915034e-05, 5.85632411e-06]]"
"[1, 1, 1, 0, 1]","[[8.91853569, 8.20800267, 7.3307556, ]]","[[0.00000000e+00, 1.93242700e+01, 0.00000000e+00, 3.81819325e-02]
, [5.21499426e+00, 2.47382772e+00, 8.29412201e-04, 1.64462838e-04]
, [1.96594026e+00, 5.07896697e-01, 6.83851411e-05, 3.67700958e-06]]"
"[1, 1, 1, 1, 0]","[[8.92280608, 8.12780145, 7.29056264]]","[[0.00000000e+00, 1.84738295e+01, 0.00000000e+00, 3.51974341e-02]
, [5.17931755e+00, 2.16841818e+00, 9.05622284e-04, 1.33501714e-04]
, [1.89947543e+00, 6.45116368e-01, 6.63103429e-05, 5.76614685e-06]]"
"[1, 1, 1, 1, 1]","[[8.9241692, 8.11072286, 7.34449226]]","[[0.00000000e+00, 1.66010368e+01, 0.00000000e+00, 2.80098313e-02]
, [5.07738946e+00, 2.04608975e+00, 9.29069589e-04, 1.24094443e-04]
, [2.02965047e+00, 4.12040200e-01, 9.17876177e-05, 2.35594300e-06]]"
"[1, 1, 2, 0, 0]","[[8.92522938, 8.21585854, 7.31924601]]","[[0.00000000e+00, 1.62821808e+01, 0.00000000e+00, 2.69021571e-02]
, [5.19449310e+00, 2.22856400e+00, 7.51914138e-04, 1.26892482e-04]
, [1.89389740e+00, 5.11253160e-01, 6.64281543e-05, 3.87946818e-06]]"
"[1, 1, 2, 0, 1]","[[8.92010222, 8.17115194, 7.24395418]]","[[0.00000000e+00, 1.76589598e+01, 0.00000000e+00, 3.27170030e-02]
, [5.16638175e+00, 2.19016484e+00, 7.81242273e-04, 1.21190156e-04]
, [1.84997614e+00, 4.28706315e-01, 7.53157639e-05, 2.61651810e-06]]"
"[1, 1, 2, 1, 0]","[[8.92147225, 8.21589164, 7.43594739]]","[[0.00000000e+00, 1.50720610e+01, 0.00000000e+00, 2.21670733e-02]
, [5.38925372e+00, 2.05657726e+00, 9.68881869e-04, 1.13611359e-04]
, [1.97246669e+00, 4.46325935e-01, 9.46155854e-05, 2.54456012e-06]]"
"[1, 1, 2, 1, 1]","[[8.92557616, 8.27065472, 7.47153984]]","[[0.00000000e+00, 1.57547010e+01, 0.00000000e+00, 2.66518353e-02]
, [5.37109801e+00, 1.93986183e+00, 8.39759442e-04, 8.82546843e-05]
, [2.43882468e+00, 5.75202616e-01, 1.17933347e-04, 4.95649329e-06]]"
"[1, 2, 0, 0, 0]","[[8.92518345, 8.16589072, 7.07808409]]","[[0.00000000e+00, 1.83142079e+01, 0.00000000e+00, 3.36338825e-02]
, [4.96946042e+00, 1.84369849e+00, 7.69408908e-04, 8.33610125e-05]
, [1.73282526e+00, 3.53292832e-01, 7.14168655e-05, 2.20047764e-06]]"
"[1, 2, 0, 0, 1]","[[8.92511106, 8.17136188, 7.21428237]]","[[0.00000000e+00, 1.82960691e+01, 0.00000000e+00, 3.48421118e-02]
, [5.13830814e+00, 2.32179745e+00, 8.23870713e-04, 1.29022737e-04]
, [1.91196490e+00, 5.13294777e-01, 8.46314898e-05, 4.15315989e-06]]"
"[1, 2, 0, 1, 0]","[[8.92346145, 8.16300073, 7.39927404]]","[[0.00000000e+00, 1.69242317e+01, 0.00000000e+00, 3.03496212e-02]
, [5.11169022e+00, 2.15325354e+00, 8.45727550e-04, 1.23502024e-04]
, [2.01084463e+00, 6.53191359e-01, 6.91833329e-05, 5.75685800e-06]]"
"[1, 2, 0, 1, 1]","[[8.92070311, 8.19467769, 7.31126791]]","[[0.00000000e+00, 1.76678589e+01, 0.00000000e+00, 3.21452285e-02]
, [5.30798470e+00, 1.63681781e+00, 9.36730859e-04, 6.04742984e-05]
, [1.85213269e+00, 4.82508697e-01, 5.55782470e-05, 3.27943035e-06]]"
"[1, 2, 1, 0, 0]","[[8.92190377, 8.04609508, 7.11368485]]","[[0.00000000e+00, 1.58206122e+01, 0.00000000e+00, 2.43754523e-02]
, [4.72977005e+00, 2.03750552e+00, 7.86866992e-04, 1.19667716e-04]
, [2.02174579e+00, 5.75174114e-01, 1.25807915e-04, 7.94749081e-06]]"
"[1, 2, 1, 0, 1]","[[8.92493491, 8.1400651, 7.39435905]]","[[0.00000000e+00, 1.77234219e+01, 0.00000000e+00, 3.09884219e-02]
, [4.98404143e+00, 2.14622919e+00, 8.38887555e-04, 1.25418456e-04]
, [1.82458845e+00, 4.01950404e-01, 5.62661178e-05, 1.97069713e-06]]"
"[1, 2, 1, 1, 0]","[[8.92060594, 8.03963539, 7.27004028]]","[[0.00000000e+00, 1.40151024e+01, 0.00000000e+00, 1.94420098e-02]
, [4.74403110e+00, 2.07646384e+00, 8.75705882e-04, 1.35485454e-04]
, [2.01357442e+00, 5.69305607e-01, 7.77326348e-05, 4.02436806e-06]]"
"[1, 2, 1, 1, 1]","[[8.92064146, 8.22330795, 7.17052198]]","[[0.00000000e+00, 1.74864912e+01, 0.00000000e+00, 3.11778897e-02]
, [5.34857577e+00, 1.70395069e+00, 8.50487762e-04, 7.28980556e-05]
, [1.91810360e+00, 4.12190867e-01, 1.06257127e-04, 2.90979280e-06]]"
"[1, 2, 2, 0, 0]","[[8.92093026, 8.09047487, 7.29805438]]","[[0.00000000e+00, 2.23678939e+01, 0.00000000e+00, 5.15561024e-02]
, [4.93102155e+00, 2.11360524e+00, 9.08469568e-04, 1.26239144e-04]
, [2.05738978e+00, 4.12324957e-01, 9.54857435e-05, 2.18861055e-06]]"
"[1, 2, 2, 0, 1]","[[8.92662626, 8.20921943, 7.2792634, ]]","[[0.00000000e+00, 1.72024368e+01, 0.00000000e+00, 3.02912119e-02]
, [5.41999835e+00, 1.81846578e+00, 1.01481364e-03, 8.58259737e-05]
, [2.10195171e+00, 4.70199562e-01, 8.50428755e-05, 2.89856391e-06]]"
"[1, 2, 2, 1, 0]","[[8.92568509, 8.04538482, 7.16862355]]","[[0.00000000e+00, 1.98854415e+01, 0.00000000e+00, 4.13456081e-02]
, [5.04491829e+00, 2.31320334e+00, 1.03915364e-03, 1.66685182e-04]
, [2.00119395e+00, 4.37596505e-01, 1.02614921e-04, 2.91706695e-06]]"
"[1, 2, 2, 1, 1]","[[8.92400603, 8.21734133, 7.12995546]]","[[0.00000000e+00, 2.46670043e+01, 0.00000000e+00, 6.68948483e-02]
, [5.41167115e+00, 2.49564442e+00, 1.05096250e-03, 1.67428635e-04]
, [1.69982025e+00, 6.72002998e-01, 7.31135635e-05, 7.04274656e-06]]"
"[2, 0, 0, 0, 0]","[[8.92260338, 8.04602192, 6.97307113]]","[[0.00000000e+00, 1.82818896e+01, 0.00000000e+00, 3.21745147e-02]
, [4.38307201e+00, 3.33630677e+00, 8.41203663e-04, 3.29371579e-04]
, [1.56579779e+00, 6.71066780e-01, 6.51404448e-05, 8.45471755e-06]]"
"[2, 0, 0, 0, 1]","[[8.92099919, 8.15339153, 7.18156978]]","[[0.00000000e+00, 1.74459403e+01, 0.00000000e+00, 3.07403418e-02]
, [4.88995497e+00, 3.02200092e+00, 8.16572543e-04, 2.44318572e-04]
, [1.73004268e+00, 6.94953077e-01, 8.43408994e-05, 7.57023192e-06]]"
"[2, 0, 0, 1, 0]","[[8.92070563, 8.17855731, 7.25538196]]","[[0.00000000e+00, 1.67573991e+01, 0.00000000e+00, 2.85013154e-02]
, [5.21273912e+00, 2.37644989e+00, 8.66489662e-04, 1.63043251e-04]
, [2.10960644e+00, 7.64177908e-01, 1.19860900e-04, 1.09963092e-05]]"
"[2, 0, 0, 1, 1]","[[8.92041638, 8.179229, 7.09037192]]","[[0.00000000e+00, 1.84467116e+01, 0.00000000e+00, 3.44441405e-02]
, [4.78022027e+00, 3.25787727e+00, 6.03194902e-04, 2.42517888e-04]
, [1.74380216e+00, 6.33722070e-01, 7.05882207e-05, 7.38777375e-06]]"
"[2, 0, 1, 0, 0]","[[8.91756064, 8.15682343, 7.04581517]]","[[0.00000000e+00, 1.81140466e+01, 0.00000000e+00, 3.31822279e-02]
, [5.05635054e+00, 2.64152710e+00, 8.23179709e-04, 1.80388366e-04]
, [1.95501724e+00, 8.17818778e-01, 1.20388582e-04, 1.42293450e-05]]"
"[2, 0, 1, 0, 1]","[[8.92325523, 8.16955516, 7.22190551]]","[[0.00000000e+00, 1.82892622e+01, 0.00000000e+00, 3.29470741e-02]
, [4.90979344e+00, 1.88950975e+00, 7.52262579e-04, 8.67783182e-05]
, [1.83121520e+00, 5.14154019e-01, 6.99702640e-05, 3.65260271e-06]]"
"[2, 0, 1, 1, 0]","[[8.92249704, 8.12690738, 7.09224305]]","[[0.00000000e+00, 1.42839936e+01, 0.00000000e+00, 1.91837360e-02]
, [4.61649624e+00, 2.85188366e+00, 7.59215169e-04, 2.30159474e-04]
, [1.69696041e+00, 4.62896431e-01, 6.34271583e-05, 3.44433339e-06]]"
"[2, 0, 1, 1, 1]","[[8.92551498, 8.15108423, 7.23503317]]","[[0.00000000e+00, 1.40723779e+01, 0.00000000e+00, 2.00548994e-02]
, [4.96903168e+00, 2.87261793e+00, 8.41218708e-04, 2.27591350e-04]
, [2.04745081e+00, 5.39952892e-01, 1.04428047e-04, 5.46627106e-06]]"
"[2, 0, 2, 0, 0]","[[8.92092079, 8.106406, 7.17907726]]","[[0.00000000e+00, 1.56520055e+01, 0.00000000e+00, 2.42709423e-02]
, [5.00923803e+00, 2.59131108e+00, 1.00980796e-03, 1.98039369e-04]
, [1.93749115e+00, 5.66135786e-01, 7.85777473e-05, 5.87609266e-06]]"
"[2, 0, 2, 0, 1]","[[8.91568694, 8.05019263, 7.19116053]]","[[0.00000000e+00, 1.85695272e+01, 0.00000000e+00, 3.47311517e-02]
, [4.61551709e+00, 1.82005184e+00, 8.17413244e-04, 8.68191649e-05]
, [1.57776303e+00, 6.04794469e-01, 3.93108177e-05, 4.80967684e-06]]"
"[2, 0, 2, 1, 0]","[[8.92520818, 8.16137266, 7.2647387, ]]","[[0.00000000e+00, 1.56864248e+01, 0.00000000e+00, 2.37422465e-02]
, [4.80243405e+00, 1.73560197e+00, 7.35133673e-04, 7.20745686e-05]
, [2.10857216e+00, 5.61470816e-01, 1.24954819e-04, 5.76159803e-06]]"
"[2, 0, 2, 1, 1]","[[8.92422324, 8.20928608, 7.377348, ]]","[[0.00000000e+00, 1.85888355e+01, 0.00000000e+00, 3.54958407e-02]
, [5.03806755e+00, 2.27609992e+00, 7.05750553e-04, 1.32003273e-04]
, [2.07350318e+00, 4.35384241e-01, 1.00306874e-04, 3.40276158e-06]]"
"[2, 1, 0, 0, 0]","[[8.92382794, 8.10525623, 7.08655595]]","[[0.00000000e+00, 2.11058174e+01, 0.00000000e+00, 4.38458829e-02]
, [4.70418284e+00, 2.94811878e+00, 7.93640696e-04, 2.23033438e-04]
, [1.59216043e+00, 4.78612973e-01, 5.28494358e-05, 2.67390466e-06]]"
"[2, 1, 0, 0, 1]","[[8.92970984, 8.07281862, 7.23255183]]","[[0.00000000e+00, 1.57833577e+01, 0.00000000e+00, 2.52744412e-02]
, [4.94420577e+00, 2.42964684e+00, 9.66052586e-04, 1.88720339e-04]
, [1.89762302e+00, 5.95387440e-01, 6.95058005e-05, 6.21782983e-06]]"
"[2, 1, 0, 1, 0]","[[8.91760269, 8.10270926, 7.15933022]]","[[0.00000000e+00, 1.96182780e+01, 0.00000000e+00, 3.92278519e-02]
, [4.89735742e+00, 2.35699706e+00, 7.79348672e-04, 1.62401745e-04]
, [1.81781667e+00, 4.60361713e-01, 6.47370915e-05, 4.15516062e-06]]"
"[2, 1, 0, 1, 1]","[[8.91696726, 8.0696822, 7.33968422]]","[[0.00000000e+00, 1.87823303e+01, 0.00000000e+00, 3.54287449e-02]
, [4.86969860e+00, 2.14325394e+00, 8.66909385e-04, 1.41509726e-04]
, [1.89795009e+00, 7.26023479e-01, 5.44094667e-05, 7.52141731e-06]]"
"[2, 1, 1, 0, 0]","[[8.92184215, 8.08345874, 7.17335735]]","[[0.00000000e+00, 2.06982053e+01, 0.00000000e+00, 4.38899643e-02]
, [4.78296217e+00, 1.70001959e+00, 8.29368025e-04, 7.56940573e-05]
, [1.74004873e+00, 3.23618797e-01, 5.96575228e-05, 1.57773710e-06]]"
"[2, 1, 1, 0, 1]","[[8.92527456, 8.06543695, 7.22994855]]","[[0.00000000e+00, 1.68302017e+01, 0.00000000e+00, 2.82166323e-02]
, [4.64436312e+00, 2.37811694e+00, 7.62690477e-04, 1.56459288e-04]
, [1.72288389e+00, 4.30970592e-01, 6.08987142e-05, 2.59011226e-06]]"
"[2, 1, 1, 1, 0]","[[8.92486038, 8.09525711, 7.19537604]]","[[0.00000000e+00, 2.22376094e+01, 0.00000000e+00, 5.43771795e-02]
, [5.42954019e+00, 2.28276796e+00, 1.14584305e-03, 1.68013089e-04]
, [2.16290519e+00, 4.57825909e-01, 1.63160989e-04, 4.14874173e-06]]"
"[2, 1, 1, 1, 1]","[[8.92223001, 8.19247194, 7.18352963]]","[[0.00000000e+00, 1.62873299e+01, 0.00000000e+00, 2.72146534e-02]
, [5.31537714e+00, 2.23162573e+00, 8.97499771e-04, 1.35790317e-04]
, [1.76128259e+00, 3.87459096e-01, 7.95218450e-05, 2.24545757e-06]]"
"[2, 1, 2, 0, 0]","[[8.92247592, 8.04106249, 7.00592569]]","[[0.00000000e+00, 2.00839448e+01, 0.00000000e+00, 4.12562815e-02]
, [4.61693992e+00, 2.11431152e+00, 8.66962440e-04, 1.37456475e-04]
, [1.69630405e+00, 4.87501517e-01, 8.59697833e-05, 5.40112473e-06]]"
"[2, 1, 2, 0, 1]","[[8.91622616, 8.14304007, 7.29614866]]","[[0.00000000e+00, 1.63796390e+01, 0.00000000e+00, 2.68864723e-02]
, [5.10800130e+00, 2.00468094e+00, 8.68263092e-04, 1.08772345e-04]
, [2.10690057e+00, 6.26449186e-01, 9.99491575e-05, 6.15658779e-06]]"
"[2, 1, 2, 1, 0]","[[8.91867295, 8.09578677, 7.00550272]]","[[0.00000000e+00, 2.78815972e+01, 0.00000000e+00, 8.53479409e-02]
, [4.85605803e+00, 3.04380051e+00, 8.04215186e-04, 2.82565414e-04]
, [1.67176640e+00, 4.72715968e-01, 8.39759021e-05, 4.59173680e-06]]"
"[2, 1, 2, 1, 1]","[[8.92474782, 8.10064891, 7.28237624]]","[[0.00000000e+00, 1.51705254e+01, 0.00000000e+00, 2.30636583e-02]
, [5.10931275e+00, 2.05892861e+00, 1.02207766e-03, 1.24615806e-04]
, [1.80392927e+00, 5.79857558e-01, 7.35731329e-05, 4.29382471e-06]]"
"[2, 2, 0, 0, 0]","[[8.92446203, 8.2034624, 7.01041964]]","[[0.00000000e+00, 1.71678800e+01, 0.00000000e+00, 2.97621583e-02]
, [5.16102840e+00, 2.36567884e+00, 8.53707372e-04, 1.41276694e-04]
, [1.61105108e+00, 4.75660807e-01, 6.57662218e-05, 3.93039921e-06]]"
"[2, 2, 0, 0, 1]","[[8.92456955, 8.17080304, 7.23674858]]","[[0.00000000e+00, 1.95647710e+01, 0.00000000e+00, 3.90874214e-02]
, [5.08453250e+00, 1.98739808e+00, 7.86179325e-04, 1.00048179e-04]
, [1.92735137e+00, 5.09071887e-01, 9.75331008e-05, 4.05956872e-06]]"
"[2, 2, 0, 1, 0]","[[8.9249766, 8.17063395, 7.22272035]]","[[0.00000000e+00, 2.48941140e+01, 0.00000000e+00, 6.85768420e-02]
, [4.95102119e+00, 2.16794711e+00, 7.31364131e-04, 1.11746874e-04]
, [1.90425337e+00, 4.89412847e-01, 9.12109630e-05, 3.59450878e-06]]"
"[2, 2, 0, 1, 1]","[[8.92200907, 8.09732977, 7.29016925]]","[[0.00000000e+00, 1.68420643e+01, 0.00000000e+00, 2.86978884e-02]
, [5.02635754e+00, 2.13300154e+00, 9.23894159e-04, 1.32192210e-04]
, [1.96739894e+00, 4.49347012e-01, 8.95271885e-05, 2.96465789e-06]]"
"[2, 2, 1, 0, 0]","[[8.91918856, 8.20444846, 7.3876536, ]]","[[0.00000000e+00, 1.60431921e+01, 0.00000000e+00, 2.65001597e-02]
, [5.31084604e+00, 1.88403663e+00, 8.29015026e-04, 8.05476258e-05]
, [2.50409340e+00, 1.00480446e+00, 1.45482441e-04, 1.82167819e-05]]"
"[2, 2, 1, 0, 1]","[[8.92178508, 8.15104237, 7.38662992]]","[[0.00000000e+00, 2.04720031e+01, 0.00000000e+00, 4.30992699e-02]
, [5.27034224e+00, 1.98159806e+00, 9.01137386e-04, 1.14390325e-04]
, [2.23679051e+00, 5.41323455e-01, 1.26122186e-04, 4.10253753e-06]]"
"[2, 2, 1, 1, 0]","[[8.9211888, 8.19625198, 7.37131912]]","[[0.00000000e+00, 1.43526153e+01, 0.00000000e+00, 2.09841221e-02]
, [5.52628967e+00, 2.89333834e+00, 1.05105803e-03, 2.47119998e-04]
, [2.36464856e+00, 8.93334317e-01, 1.47177967e-04, 1.50253044e-05]]"
"[2, 2, 1, 1, 1]","[[8.9239751, 8.12765952, 7.29441952]]","[[0.00000000e+00, 1.35071917e+01, 0.00000000e+00, 1.78884936e-02]
, [4.93063814e+00, 1.72074504e+00, 7.82747543e-04, 7.13444677e-05]
, [2.06949621e+00, 4.97247407e-01, 1.47671387e-04, 3.64839399e-06]]"
"[2, 2, 2, 0, 0]","[[8.92115833, 8.1130053, 7.32825643]]","[[0.00000000e+00, 2.67466493e+01, 0.00000000e+00, 7.83819953e-02]
, [5.03102392e+00, 2.09225306e+00, 8.59787482e-04, 1.20750740e-04]
, [2.12033972e+00, 4.66802636e-01, 1.03130338e-04, 3.47696537e-06]]"
"[2, 2, 2, 0, 1]","[[8.92048387, 8.33261958, 7.21665551]]","[[0.00000000e+00, 2.10767680e+01, 0.00000000e+00, 4.75300168e-02]
, [5.54162420e+00, 2.50604075e+00, 7.83187387e-04, 1.33993896e-04]
, [1.86530422e+00, 4.47410399e-01, 7.93103938e-05, 3.42802662e-06]]"
"[2, 2, 2, 1, 0]","[[8.92271169, 8.20760653, 7.2754322, ]]","[[0.00000000e+00, 1.88592888e+01, 0.00000000e+00, 3.70839971e-02]
, [4.80274566e+00, 2.03425487e+00, 6.96004651e-04, 9.08674705e-05]
, [1.89849386e+00, 5.15233805e-01, 6.01637284e-05, 4.03349319e-06]]"
"[2, 2, 2, 1, 1]","[[8.92074596, 8.12551456, 7.43461078]]","[[0.00000000e+00, 1.85529429e+01, 0.00000000e+00, 3.36801488e-02]
, [4.99176341e+00, 1.81937244e+00, 7.93969593e-04, 8.95850288e-05]
, [2.07696838e+00, 5.59137346e-01, 7.13909670e-05, 3.87374212e-06]]"
